abilities,résistance,attack,base_egg_steps,base_total,capture_rate,classfication,defense,hp,name,percentage_male,pokedex_number,sp_attack,sp_defense,speed,type1,type2,generation,is_legendary
"['Overgrow', 'Chlorophyll']","19,25",49,5120,318,45,Seed Pokémon,49,45,Bulbasaur,"88,1",1,65,65,45,grass,poison,1,0
"['Overgrow', 'Chlorophyll']","19,25",62,5120,405,45,Seed Pokémon,63,60,Ivysaur,"88,1",2,80,80,60,grass,poison,1,0
"['Overgrow', 'Chlorophyll']","19,25",100,5120,625,45,Seed Pokémon,123,80,Venusaur,"88,1",3,122,120,80,grass,poison,1,0
"['Blaze', 'Solar Power']",18,52,5120,309,45,Lizard Pokémon,43,39,Charmander,"88,1",4,60,50,65,fire,,1,0
"['Blaze', 'Solar Power']",18,64,5120,405,45,Flame Pokémon,58,58,Charmeleon,"88,1",5,80,65,80,fire,,1,0
"['Blaze', 'Solar Power']","18,5",104,5120,634,45,Flame Pokémon,78,78,Charizard,"88,1",6,159,115,100,fire,flying,1,0
"['Torrent', 'Rain Dish']",18,48,5120,314,45,Tiny Turtle Pokémon,65,44,Squirtle,"88,1",7,50,64,43,water,,1,0
"['Torrent', 'Rain Dish']",18,63,5120,405,45,Turtle Pokémon,80,59,Wartortle,"88,1",8,65,80,58,water,,1,0
"['Torrent', 'Rain Dish']",18,103,5120,630,45,Shellfish Pokémon,120,79,Blastoise,"88,1",9,135,115,78,water,,1,0
"['Shield Dust', 'Run Away']","19,5",30,3840,195,255,Worm Pokémon,35,45,Caterpie,50,10,20,20,45,bug,,1,0
['Shed Skin'],"19,5",20,3840,205,120,Cocoon Pokémon,55,50,Metapod,50,11,25,25,30,bug,,1,0
"['Compoundeyes', 'Tinted Lens']",22,45,3840,395,45,Butterfly Pokémon,50,60,Butterfree,50,12,90,80,70,bug,flying,1,0
"['Shield Dust', 'Run Away']",19,35,3840,195,255,Hairy Pokémon,30,40,Weedle,50,13,20,20,50,bug,poison,1,0
['Shed Skin'],19,25,3840,205,120,Cocoon Pokémon,50,45,Kakuna,50,14,25,25,35,bug,poison,1,0
"['Swarm', 'Sniper']",19,150,3840,495,45,Poison Bee Pokémon,40,65,Beedrill,50,15,15,80,145,bug,poison,1,0
"['Keen Eye', 'Tangled Feet', 'Big Pecks']",18,45,3840,251,255,Tiny Bird Pokémon,40,40,Pidgey,50,16,35,35,56,normal,flying,1,0
"['Keen Eye', 'Tangled Feet', 'Big Pecks']",18,60,3840,349,120,Bird Pokémon,55,63,Pidgeotto,50,17,50,50,71,normal,flying,1,0
"['Keen Eye', 'Tangled Feet', 'Big Pecks']",18,80,3840,579,45,Bird Pokémon,80,83,Pidgeot,50,18,135,80,121,normal,flying,1,0
"['Run Away', 'Guts', 'Hustle', 'Gluttony', 'Hustle', 'Thick Fat']",18,56,3840,253,255,Mouse Pokémon,35,30,Rattata,50,19,25,35,72,normal,dark,1,0
"['Run Away', 'Guts', 'Hustle', 'Gluttony', 'Hustle', 'Thick Fat']",18,71,3840,413,127,Mouse Pokémon,70,75,Raticate,50,20,40,80,77,normal,dark,1,0
"['Keen Eye', 'Sniper']",18,60,3840,262,255,Tiny Bird Pokémon,30,40,Spearow,50,21,31,31,70,normal,flying,1,0
"['Keen Eye', 'Sniper']",18,90,3840,442,90,Beak Pokémon,65,65,Fearow,50,22,61,61,100,normal,flying,1,0
"['Intimidate', 'Shed Skin', 'Unnerve']","17,5",60,5120,288,255,Snake Pokémon,44,35,Ekans,50,23,40,54,55,poison,,1,0
"['Intimidate', 'Shed Skin', 'Unnerve']","17,5",95,5120,448,90,Cobra Pokémon,69,60,Arbok,50,24,65,79,80,poison,,1,0
"['Static', 'Lightningrod']","17,5",55,2560,320,190,Mouse Pokémon,40,35,Pikachu,50,25,50,50,90,electric,,1,0
"['Static', 'Lightningrod', 'Surge Surfer']","17,5",85,2560,485,75,Mouse Pokémon,50,60,Raichu,50,26,95,85,110,electric,electric,1,0
"['Sand Veil', 'Sand Rush', 'Snow Cloak', 'Slush Rush']",19,75,5120,300,255,Mouse Pokémon,90,50,Sandshrew,50,27,10,35,40,ground,ice,1,0
"['Sand Veil', 'Sand Rush', 'Snow Cloak', 'Slush Rush']",19,100,5120,450,90,Mouse Pokémon,120,75,Sandslash,50,28,25,65,65,ground,ice,1,0
"['Poison Point', 'Rivalry', 'Hustle']","17,5",47,5120,275,235,Poison Pin Pokémon,52,55,Nidoran♀,0,29,40,40,41,poison,,1,0
"['Poison Point', 'Rivalry', 'Hustle']","17,5",62,5120,365,120,Poison Pin Pokémon,67,70,Nidorina,0,30,55,55,56,poison,,1,0
"['Poison Point', 'Rivalry', 'Sheer Force']","18,25",92,5120,505,45,Drill Pokémon,87,90,Nidoqueen,0,31,75,85,76,poison,ground,1,0
"['Poison Point', 'Rivalry', 'Hustle']","17,5",57,5120,273,235,Poison Pin Pokémon,40,46,Nidoran♂,100,32,40,40,50,poison,,1,0
"['Poison Point', 'Rivalry', 'Hustle']","17,5",72,5120,365,120,Poison Pin Pokémon,57,61,Nidorino,100,33,55,55,65,poison,,1,0
"['Poison Point', 'Rivalry', 'Sheer Force']","18,25",102,5120,505,45,Drill Pokémon,77,81,Nidoking,100,34,85,75,85,poison,ground,1,0
"['Cute Charm', 'Magic Guard', 'Friend Guard']","17,5",45,2560,323,150,Fairy Pokémon,48,70,Clefairy,"24,6",35,60,65,35,fairy,,1,0
"['Cute Charm', 'Magic Guard', 'Unaware']","17,5",70,2560,483,25,Fairy Pokémon,73,95,Clefable,"24,6",36,95,90,60,fairy,,1,0
"['Flash Fire', 'Drought', 'Snow Cloak', 'Snow Warning']",18,41,5120,299,190,Fox Pokémon,40,38,Vulpix,"24,6",37,50,65,65,fire,ice,1,0
"['Flash Fire', 'Drought', 'Snow Cloak', 'Snow Warning']",18,67,5120,505,75,Fox Pokémon,75,73,Ninetales,"24,6",38,81,100,109,fire,ice,1,0
"['Cute Charm', 'Competitive', 'Friend Guard']",17,45,2560,270,170,Balloon Pokémon,20,115,Jigglypuff,"24,6",39,45,25,20,normal,fairy,1,0
"['Cute Charm', 'Competitive', 'Frisk']",17,70,2560,435,50,Balloon Pokémon,45,140,Wigglytuff,"24,6",40,85,50,45,normal,fairy,1,0
"['Inner Focus', 'Infiltrator']","17,75",45,3840,245,255,Bat Pokémon,35,40,Zubat,50,41,30,40,55,poison,flying,1,0
"['Inner Focus', 'Infiltrator']","17,75",80,3840,455,90,Bat Pokémon,70,75,Golbat,50,42,65,75,90,poison,flying,1,0
"['Chlorophyll', 'Run Away']","19,25",50,5120,320,255,Weed Pokémon,55,45,Oddish,50,43,75,65,30,grass,poison,1,0
"['Chlorophyll', 'Stench']","19,25",65,5120,395,120,Weed Pokémon,70,60,Gloom,50,44,85,75,40,grass,poison,1,0
"['Chlorophyll', 'Effect Spore']","19,25",80,5120,490,45,Flower Pokémon,85,75,Vileplume,50,45,110,90,50,grass,poison,1,0
"['Effect Spore', 'Dry Skin', 'Damp']",25,70,5120,285,190,Mushroom Pokémon,55,35,Paras,50,46,45,55,25,bug,grass,1,0
"['Effect Spore', 'Dry Skin', 'Damp']",25,95,5120,405,75,Mushroom Pokémon,80,60,Parasect,50,47,60,80,30,bug,grass,1,0
"['Compoundeyes', 'Tinted Lens', 'Run Away']",19,55,5120,305,190,Insect Pokémon,50,60,Venonat,50,48,40,55,45,bug,poison,1,0
"['Shield Dust', 'Tinted Lens', 'Wonder Skin ']",19,65,5120,450,75,Poison Moth Pokémon,60,70,Venomoth,50,49,90,75,90,bug,poison,1,0
"['Sand Veil', 'Arena Trap', 'Sand Force', 'Sand Veil', 'Tangling Hair', 'Sand Force']",19,55,5120,265,255,Mole Pokémon,30,10,Diglett,50,50,35,45,90,ground,ground,1,0
"['Sand Veil', 'Arena Trap', 'Sand Force', 'Sand Veil', 'Tangling Hair', 'Sand Force']",19,100,5120,425,50,Mole Pokémon,60,35,Dugtrio,50,51,50,70,110,ground,ground,1,0
"['Pickup', 'Technician', 'Unnerve', 'Pickup', 'Technician', 'Rattled']",18,35,5120,290,255,Scratch Cat Pokémon,35,40,Meowth,50,52,50,40,90,normal,dark,1,0
"['Limber', 'Technician', 'Unnerve', 'Fur Coat', 'Technician', 'Rattled']",18,60,5120,440,90,Classy Cat Pokémon,60,65,Persian,50,53,75,65,115,normal,dark,1,0
"['Damp', 'Cloud Nine', 'Swift Swim']",18,52,5120,320,190,Duck Pokémon,48,50,Psyduck,50,54,65,50,55,water,,1,0
"['Damp', 'Cloud Nine', 'Swift Swim']",18,82,5120,500,75,Duck Pokémon,78,80,Golduck,50,55,95,80,85,water,,1,0
"['Vital Spirit', 'Anger Point', 'Defiant']","19,5",80,5120,305,190,Pig Monkey Pokémon,35,40,Mankey,50,56,35,45,70,fighting,,1,0
"['Vital Spirit', 'Anger Point', 'Defiant']","19,5",105,5120,455,75,Pig Monkey Pokémon,60,65,Primeape,50,57,60,70,95,fighting,,1,0
"['Intimidate', 'Flash Fire', 'Justified']",18,70,5120,350,190,Puppy Pokémon,45,55,Growlithe,"75,4",58,70,50,60,fire,,1,0
"['Intimidate', 'Flash Fire', 'Justified']",18,110,5120,555,75,Legendary Pokémon,80,90,Arcanine,"75,4",59,100,80,95,fire,,1,0
"['Water Absorb', 'Damp', 'Swift Swim']",18,50,5120,300,255,Tadpole Pokémon,40,40,Poliwag,50,60,40,40,90,water,,1,0
"['Water Absorb', 'Damp', 'Swift Swim']",18,65,5120,385,120,Tadpole Pokémon,65,65,Poliwhirl,50,61,50,50,90,water,,1,0
"['Water Absorb', 'Damp', 'Swift Swim']","19,5",95,5120,510,45,Tadpole Pokémon,95,90,Poliwrath,50,62,70,90,70,water,fighting,1,0
"['Synchronize', 'Inner Focus', 'Magic Guard']",20,20,5120,310,200,Psi Pokémon,15,25,Abra,"75,4",63,105,55,90,psychic,,1,0
"['Synchronize', 'Inner Focus', 'Magic Guard']",20,35,5120,400,100,Psi Pokémon,30,40,Kadabra,"75,4",64,120,70,105,psychic,,1,0
"['Synchronize', 'Inner Focus', 'Magic Guard']",20,50,5120,600,50,Psi Pokémon,65,55,Alakazam,"75,4",65,175,105,150,psychic,,1,0
"['Guts', 'No Guard', 'Steadfast']","19,5",80,5120,305,180,Superpower Pokémon,50,70,Machop,"75,4",66,35,35,35,fighting,,1,0
"['Guts', 'No Guard', 'Steadfast']","19,5",100,5120,405,90,Superpower Pokémon,70,80,Machoke,"75,4",67,50,60,45,fighting,,1,0
"['Guts', 'No Guard', 'Steadfast']","19,5",130,5120,505,45,Superpower Pokémon,80,90,Machamp,"75,4",68,65,85,55,fighting,,1,0
"['Chlorophyll', 'Gluttony']","19,25",75,5120,300,255,Flower Pokémon,35,50,Bellsprout,50,69,70,30,40,grass,poison,1,0
"['Chlorophyll', 'Gluttony']","19,25",90,5120,390,120,Flycatcher Pokémon,50,65,Weepinbell,50,70,85,45,55,grass,poison,1,0
"['Chlorophyll', 'Gluttony']","19,25",105,5120,490,45,Flycatcher Pokémon,65,80,Victreebel,50,71,100,70,70,grass,poison,1,0
"['Clear Body', 'Liquid Ooze', 'Rain Dish']",17,40,5120,335,190,Jellyfish Pokémon,35,40,Tentacool,50,72,50,100,70,water,poison,1,0
"['Clear Body', 'Liquid Ooze', 'Rain Dish']",17,70,5120,515,60,Jellyfish Pokémon,65,80,Tentacruel,50,73,80,120,100,water,poison,1,0
"['Rock Head', 'Sturdy', 'Sand Veil', 'Magnet Pull', 'Sturdy', 'Galvanize']","24,25",80,3840,300,255,Rock Pokémon,100,40,Geodude,50,74,30,30,20,rock,ground,1,0
"['Rock Head', 'Sturdy', 'Sand Veil', 'Magnet Pull', 'Sturdy', 'Galvanize']","24,25",95,3840,390,120,Rock Pokémon,115,55,Graveler,50,75,45,45,35,rock,ground,1,0
"['Rock Head', 'Sturdy', 'Sand Veil', 'Magnet Pull', 'Sturdy', 'Galvanize']","24,25",120,3840,495,45,Megaton Pokémon,130,80,Golem,50,76,55,65,45,rock,ground,1,0
"['Run Away', 'Flash Fire', 'Flame Body']",18,85,5120,410,190,Fire Horse Pokémon,55,50,Ponyta,50,77,65,65,90,fire,,1,0
"['Run Away', 'Flash Fire', 'Flame Body']",18,100,5120,500,60,Fire Horse Pokémon,70,65,Rapidash,50,78,80,80,105,fire,,1,0
"['Oblivious', 'Own Tempo', 'Regenerator']",20,65,5120,315,190,Dopey Pokémon,65,90,Slowpoke,50,79,40,40,15,water,psychic,1,0
"['Oblivious', 'Own Tempo', 'Regenerator']",20,75,5120,590,75,Hermit Crab Pokémon,180,95,Slowbro,50,80,130,80,30,water,psychic,1,0
"['Magnet Pull', 'Sturdy', 'Analytic']",16,35,5120,325,190,Magnet Pokémon,70,25,Magnemite,,81,95,55,45,electric,steel,1,0
"['Magnet Pull', 'Sturdy', 'Analytic']",16,60,5120,465,60,Magnet Pokémon,95,50,Magneton,,82,120,70,70,electric,steel,1,0
"['Keen Eye', 'Inner Focus', 'Defiant']",18,90,5120,377,45,Wild Duck Pokémon,55,52,Farfetch'd,50,83,58,62,60,normal,flying,1,0
"['Run Away', 'Early Bird', 'Tangled Feet']",18,85,5120,310,190,Twin Bird Pokémon,45,35,Doduo,50,84,35,35,75,normal,flying,1,0
"['Run Away', 'Early Bird', 'Tangled Feet']",18,110,5120,470,45,Triple Bird Pokémon,70,60,Dodrio,50,85,60,60,110,normal,flying,1,0
"['Thick Fat', 'Hydration', 'Ice Body']",18,45,5120,325,190,Sea Lion Pokémon,55,65,Seel,50,86,45,70,45,water,,1,0
"['Thick Fat', 'Hydration', 'Ice Body']","20,75",70,5120,475,75,Sea Lion Pokémon,80,90,Dewgong,50,87,70,95,70,water,ice,1,0
"['Stench', 'Sticky Hold', 'Poison Touch', 'Poison Touch', 'Gluttony', 'Power of Alchemy']","17,5",80,5120,325,190,Sludge Pokémon,50,80,Grimer,50,88,40,50,25,poison,poison,1,0
"['Stench', 'Sticky Hold', 'Poison Touch', 'Poison Touch', 'Gluttony', 'Power of Alchemy']","17,5",105,5120,500,75,Sludge Pokémon,75,105,Muk,50,89,65,100,50,poison,poison,1,0
"['Shell Armor', 'Skill Link', 'Overcoat']",18,65,5120,305,190,Bivalve Pokémon,100,30,Shellder,50,90,45,25,40,water,,1,0
"['Shell Armor', 'Skill Link', 'Overcoat']","20,75",95,5120,525,60,Bivalve Pokémon,180,50,Cloyster,50,91,85,45,70,water,ice,1,0
['Levitate'],"17,5",35,5120,310,190,Gas Pokémon,30,30,Gastly,50,92,100,35,80,ghost,poison,1,0
['Levitate'],"17,5",50,5120,405,90,Gas Pokémon,45,45,Haunter,50,93,115,55,95,ghost,poison,1,0
['Cursed Body'],"17,5",65,5120,600,45,Shadow Pokémon,80,60,Gengar,50,94,170,95,130,ghost,poison,1,0
"['Rock Head', 'Sturdy', 'Weak Armor']","24,25",45,6400,385,45,Rock Snake Pokémon,160,35,Onix,50,95,30,45,70,rock,ground,1,0
"['Insomnia', 'Forewarn', 'Inner Focus']",20,48,5120,328,190,Hypnosis Pokémon,45,60,Drowzee,50,96,43,90,42,psychic,,1,0
"['Insomnia', 'Forewarn', 'Inner Focus']",20,73,5120,483,75,Hypnosis Pokémon,70,85,Hypno,50,97,73,115,67,psychic,,1,0
"['Hyper Cutter', 'Shell Armor', 'Sheer Force']",18,105,5120,325,225,River Crab Pokémon,90,30,Krabby,50,98,25,25,50,water,,1,0
"['Hyper Cutter', 'Shell Armor', 'Sheer Force']",18,130,5120,475,60,Pincer Pokémon,115,55,Kingler,50,99,50,50,75,water,,1,0
"['Soundproof', 'Static', 'Aftermath']","17,5",30,5120,330,190,Ball Pokémon,50,40,Voltorb,,100,55,55,100,electric,,1,0
"['Soundproof', 'Static', 'Aftermath']","17,5",50,5120,490,60,Ball Pokémon,70,60,Electrode,,101,80,80,150,electric,,1,0
"['Chlorophyll', 'Harvest']",24,40,5120,325,90,Egg Pokémon,80,60,Exeggcute,50,102,60,45,40,grass,psychic,1,0
"['Chlorophyll', 'Harvest', 'Frisk', 'Harvest']",24,105,5120,530,45,Coconut Pokémon,85,95,Exeggutor,50,103,125,75,45,grass,psychic,1,0
"['Rock Head', 'Lightningrod', 'Battle Armor']",19,50,5120,320,190,Lonely Pokémon,95,50,Cubone,50,104,40,50,35,ground,,1,0
"['Rock Head', 'Lightningrod', 'Battle Armor', 'Cursed Body', 'Lightningrod', 'Rock Head']",19,80,5120,425,75,Bone Keeper Pokémon,110,60,Marowak,50,105,50,80,45,ground,fire,1,0
"['Limber', 'Reckless', 'Unburden']","19,5",120,6400,455,45,Kicking Pokémon,53,50,Hitmonlee,100,106,35,110,87,fighting,,1,0
"['Keen Eye', 'Iron Fist', 'Inner Focus']","19,5",105,6400,455,45,Punching Pokémon,79,50,Hitmonchan,100,107,35,110,76,fighting,,1,0
"['Own Tempo', 'Oblivious', 'Cloud Nine']",18,55,5120,385,45,Licking Pokémon,75,90,Lickitung,50,108,60,75,30,normal,,1,0
['Levitate'],"17,5",65,5120,340,190,Poison Gas Pokémon,95,40,Koffing,50,109,60,45,35,poison,,1,0
['Levitate'],"17,5",90,5120,490,60,Poison Gas Pokémon,120,65,Weezing,50,110,85,70,60,poison,,1,0
"['Lightningrod', 'Rock Head', 'Reckless']","24,25",85,5120,345,120,Spikes Pokémon,95,80,Rhyhorn,50,111,30,30,25,ground,rock,1,0
"['Lightningrod', 'Rock Head', 'Reckless']","24,25",130,5120,485,60,Drill Pokémon,120,105,Rhydon,50,112,45,45,40,ground,rock,1,0
"['Natural Cure', 'Serene Grace', 'Healer']",18,5,10240,450,30,Egg Pokémon,5,250,Chansey,0,113,35,105,50,normal,,1,0
"['Chlorophyll', 'Leaf Guard', 'Regenerator']",21,55,5120,435,45,Vine Pokémon,115,65,Tangela,50,114,100,40,60,grass,,1,0
"['Early Bird', 'Scrappy', 'Inner Focus']",18,125,5120,590,45,Parent Pokémon,100,105,Kangaskhan,0,115,60,100,100,normal,,1,0
"['Swift Swim', 'Sniper', 'Damp']",18,40,5120,295,225,Dragon Pokémon,70,30,Horsea,50,116,70,25,60,water,,1,0
"['Poison Point', 'Sniper', 'Damp']",18,65,5120,440,75,Dragon Pokémon,95,55,Seadra,50,117,95,45,85,water,,1,0
"['Swift Swim', 'Water Veil', 'Lightningrod']",18,67,5120,320,225,Goldfish Pokémon,60,45,Goldeen,50,118,35,50,63,water,,1,0
"['Swift Swim', 'Water Veil', 'Lightningrod']",18,92,5120,450,60,Goldfish Pokémon,65,80,Seaking,50,119,65,80,68,water,,1,0
"['Illuminate', 'Natural Cure', 'Analytic']",18,45,5120,340,225,Starshape Pokémon,55,30,Staryu,,120,70,55,85,water,,1,0
"['Illuminate', 'Natural Cure', 'Analytic']",20,75,5120,520,60,Mysterious Pokémon,85,60,Starmie,,121,100,85,115,water,psychic,1,0
"['Soundproof', 'Filter', 'Technician']","18,75",45,6400,460,45,Barrier Pokémon,65,40,"Mr, Mime",50,122,100,120,90,psychic,fairy,1,0
"['Swarm', 'Technician', 'Steadfast']",22,110,6400,500,45,Mantis Pokémon,80,70,Scyther,50,123,55,80,105,bug,flying,1,0
"['Oblivious', 'Forewarn', 'Dry Skin']",23,50,6400,455,45,Humanshape Pokémon,35,65,Jynx,0,124,115,95,95,ice,psychic,1,0
"['Static', 'Vital Spirit']","17,5",83,6400,490,45,Electric Pokémon,57,65,Electabuzz,"75,4",125,95,85,105,electric,,1,0
"['Flame Body', 'Vital Spirit']",18,95,6400,495,45,Spitfire Pokémon,57,65,Magmar,"75,4",126,100,85,93,fire,,1,0
"['Hyper Cutter', 'Mold Breaker', 'Moxie']","19,5",155,6400,600,45,Stagbeetle Pokémon,120,65,Pinsir,50,127,65,90,105,bug,,1,0
"['Intimidate', 'Anger Point', 'Sheer Force']",18,100,5120,490,45,Wild Bull Pokémon,95,75,Tauros,100,128,40,70,110,normal,,1,0
"['Swift Swim', 'Rattled']",18,10,1280,200,255,Fish Pokémon,55,20,Magikarp,50,129,15,20,80,water,,1,0
"['Intimidate', 'Moxie']","18,5",155,1280,640,45,Atrocious Pokémon,109,95,Gyarados,50,130,70,130,81,water,flying,1,0
"['Water Absorb', 'Shell Armor', 'Hydration']","20,75",85,10240,535,45,Transport Pokémon,80,130,Lapras,50,131,85,95,60,water,ice,1,0
"['Limber', 'Imposter']",18,48,5120,288,35,Transform Pokémon,48,48,Ditto,,132,48,48,48,normal,,1,0
"['Run Away', 'Adaptability', 'Anticipation']",18,55,8960,325,45,Evolution Pokémon,50,55,Eevee,"88,1",133,45,65,55,normal,,1,0
"['Water Absorb', 'Hydration']",18,65,8960,525,45,Bubble Jet Pokémon,60,130,Vaporeon,"88,1",134,110,95,65,water,,1,0
"['Volt Absorb', 'Quick Feet']","17,5",65,8960,525,45,Lightning Pokémon,60,65,Jolteon,"88,1",135,110,95,130,electric,,1,0
"['Flash Fire', 'Guts']",18,130,8960,525,45,Flame Pokémon,60,65,Flareon,"88,1",136,95,110,65,fire,,1,0
"['Trace', 'Download', 'Analytic']",18,60,5120,395,45,Virtual Pokémon,70,65,Porygon,,137,85,75,40,normal,,1,0
"['Swift Swim', 'Shell Armor', 'Weak Armor']","21,25",40,7680,355,45,Spiral Pokémon,100,35,Omanyte,"88,1",138,90,55,35,rock,water,1,0
"['Swift Swim', 'Shell Armor', 'Weak Armor']","21,25",60,7680,495,45,Spiral Pokémon,125,70,Omastar,"88,1",139,115,70,55,rock,water,1,0
"['Swift Swim', 'Battle Armor', 'Weak Armor']","21,25",80,7680,355,45,Shellfish Pokémon,90,30,Kabuto,"88,1",140,55,45,55,rock,water,1,0
"['Swift Swim', 'Battle Armor', 'Weak Armor']","21,25",115,7680,495,45,Shellfish Pokémon,105,60,Kabutops,"88,1",141,65,70,80,rock,water,1,0
"['Rock Head', 'Pressure', 'Unnerve']","19,5",135,8960,615,45,Fossil Pokémon,85,80,Aerodactyl,"88,1",142,70,95,150,rock,flying,1,0
"['Immunity', 'Thick Fat', 'Gluttony']",18,110,10240,540,25,Sleeping Pokémon,65,160,Snorlax,"88,1",143,65,110,30,normal,,1,0
"['Pressure', 'Snow Cloak']",22,85,20480,580,3,Freeze Pokémon,100,90,Articuno,,144,95,125,85,ice,flying,1,1
"['Pressure', 'Static']","16,5",90,20480,580,3,Electric Pokémon,85,90,Zapdos,,145,125,90,100,electric,flying,1,1
"['Pressure', 'Flame Body']","18,5",100,20480,580,3,Flame Pokémon,90,90,Moltres,,146,125,85,90,fire,flying,1,1
"['Shed Skin', 'Marvel Scale']",19,64,10240,300,45,Dragon Pokémon,45,41,Dratini,50,147,50,50,50,dragon,,1,0
"['Shed Skin', 'Marvel Scale']",19,84,10240,420,45,Dragon Pokémon,65,61,Dragonair,50,148,70,70,70,dragon,,1,0
"['Inner Focus', 'Multiscale']","20,25",134,10240,600,45,Dragon Pokémon,95,91,Dragonite,50,149,100,100,80,dragon,flying,1,0
"['Pressure', 'Unnerve']",20,150,30720,780,3,Genetic Pokémon,70,106,Mewtwo,,150,194,120,140,psychic,,1,1
['Synchronize'],20,100,30720,600,45,New Species Pokémon,100,100,Mew,,151,100,100,100,psychic,,1,1
"['Overgrow', 'Leaf Guard']",21,49,5120,318,45,Leaf Pokémon,65,45,Chikorita,"88,1",152,49,65,45,grass,,2,0
"['Overgrow', 'Leaf Guard']",21,62,5120,405,45,Leaf Pokémon,80,60,Bayleef,"88,1",153,63,80,60,grass,,2,0
"['Overgrow', 'Leaf Guard']",21,82,5120,525,45,Herb Pokémon,100,80,Meganium,"88,1",154,83,100,80,grass,,2,0
"['Blaze', 'Flash Fire']",18,52,5120,309,45,Fire Mouse Pokémon,43,39,Cyndaquil,"88,1",155,60,50,65,fire,,2,0
"['Blaze', 'Flash Fire']",18,64,5120,405,45,Volcano Pokémon,58,58,Quilava,"88,1",156,80,65,80,fire,,2,0
"['Blaze', 'Flash Fire']",18,84,5120,534,45,Volcano Pokémon,78,78,Typhlosion,"88,1",157,109,85,100,fire,,2,0
"['Torrent', 'Sheer Force']",18,65,5120,314,45,Big Jaw Pokémon,64,50,Totodile,"88,1",158,44,48,43,water,,2,0
"['Torrent', 'Sheer Force']",18,80,5120,405,45,Big Jaw Pokémon,80,65,Croconaw,"88,1",159,59,63,58,water,,2,0
"['Torrent', 'Sheer Force']",18,105,5120,530,45,Big Jaw Pokémon,100,85,Feraligatr,"88,1",160,79,83,78,water,,2,0
"['Run Away', 'Keen Eye', 'Frisk']",18,46,3840,215,255,Scout Pokémon,34,35,Sentret,50,161,35,45,20,normal,,2,0
"['Run Away', 'Keen Eye', 'Frisk']",18,76,3840,415,90,Long Body Pokémon,64,85,Furret,50,162,45,55,90,normal,,2,0
"['Insomnia', 'Keen Eye', 'Tinted Lens']",18,30,3840,262,255,Owl Pokémon,30,60,Hoothoot,50,163,36,56,50,normal,flying,2,0
"['Insomnia', 'Keen Eye', 'Tinted Lens']",18,50,3840,452,90,Owl Pokémon,50,100,Noctowl,50,164,86,96,70,normal,flying,2,0
"['Swarm', 'Early Bird', 'Rattled']",22,20,3840,265,255,Five Star Pokémon,30,40,Ledyba,50,165,40,80,55,bug,flying,2,0
"['Swarm', 'Early Bird', 'Iron Fist']",22,35,3840,390,90,Five Star Pokémon,50,55,Ledian,50,166,55,110,85,bug,flying,2,0
"['Swarm', 'Insomnia', 'Sniper']",19,60,3840,250,255,String Spit Pokémon,40,40,Spinarak,50,167,40,40,30,bug,poison,2,0
"['Swarm', 'Insomnia', 'Sniper']",19,90,3840,400,90,Long Leg Pokémon,70,70,Ariados,50,168,60,70,40,bug,poison,2,0
"['Inner Focus', 'Infiltrator']","17,75",90,3840,535,90,Bat Pokémon,80,85,Crobat,50,169,70,80,130,poison,flying,2,0
"['Volt Absorb', 'Illuminate', 'Water Absorb']","17,25",38,5120,330,190,Angler Pokémon,38,75,Chinchou,50,170,56,56,67,water,electric,2,0
"['Volt Absorb', 'Illuminate', 'Water Absorb']","17,25",58,5120,460,75,Light Pokémon,58,125,Lanturn,50,171,76,76,67,water,electric,2,0
"['Static', 'Lightningrod']","17,5",40,2560,205,190,Tiny Mouse Pokémon,15,20,Pichu,50,172,35,35,60,electric,,2,0
"['Cute Charm', 'Magic Guard', 'Friend Guard']","17,5",25,2560,218,150,Star Shape Pokémon,28,50,Cleffa,"24,6",173,45,55,15,fairy,,2,0
"['Cute Charm', 'Competitive', 'Friend Guard']",17,30,2560,210,170,Balloon Pokémon,15,90,Igglybuff,"24,6",174,40,20,15,normal,fairy,2,0
"['Hustle', 'Serene Grace', 'Super Luck']","17,5",20,2560,245,190,Spike Ball Pokémon,65,35,Togepi,"88,1",175,40,65,20,fairy,,2,0
"['Hustle', 'Serene Grace', 'Super Luck']","18,5",40,2560,405,75,Happiness Pokémon,85,55,Togetic,"88,1",176,80,105,40,fairy,flying,2,0
"['Synchronize', 'Early Bird', 'Magic Bounce']","20,25",50,5120,320,190,Little Bird Pokémon,45,40,Natu,50,177,70,45,70,psychic,flying,2,0
"['Synchronize', 'Early Bird', 'Magic Bounce']","20,25",75,5120,470,75,Mystic Pokémon,70,65,Xatu,50,178,95,70,95,psychic,flying,2,0
"['Static', 'Plus']","17,5",40,5120,280,235,Wool Pokémon,40,55,Mareep,50,179,65,45,35,electric,,2,0
"['Static', 'Plus']","17,5",55,5120,365,120,Wool Pokémon,55,70,Flaaffy,50,180,80,60,45,electric,,2,0
"['Static', 'Plus']","17,5",95,5120,610,45,Light Pokémon,105,90,Ampharos,50,181,165,110,45,electric,,2,0
"['Chlorophyll', 'Healer']",21,80,5120,490,45,Flower Pokémon,95,75,Bellossom,50,182,90,100,50,grass,,2,0
"['Thick Fat', 'Huge Power', 'Sap Sipper']",17,20,2560,250,190,Aquamouse Pokémon,50,70,Marill,50,183,20,50,40,water,fairy,2,0
"['Thick Fat', 'Huge Power', 'Sap Sipper']",17,50,2560,420,75,Aquarabbit Pokémon,80,100,Azumarill,50,184,60,80,50,water,fairy,2,0
"['Sturdy', 'Rock Head', 'Rattled']",21,100,5120,410,65,Imitation Pokémon,115,70,Sudowoodo,50,185,30,65,30,rock,,2,0
"['Water Absorb', 'Damp', 'Drizzle']",18,75,5120,500,45,Frog Pokémon,75,90,Politoed,50,186,90,100,70,water,,2,0
"['Chlorophyll', 'Leaf Guard', 'Infiltrator']","22,25",35,5120,250,255,Cottonweed Pokémon,40,35,Hoppip,50,187,35,55,50,grass,flying,2,0
"['Chlorophyll', 'Leaf Guard', 'Infiltrator']","22,25",45,5120,340,120,Cottonweed Pokémon,50,55,Skiploom,50,188,45,65,80,grass,flying,2,0
"['Chlorophyll', 'Leaf Guard', 'Infiltrator']","22,25",55,5120,460,45,Cottonweed Pokémon,70,75,Jumpluff,50,189,55,95,110,grass,flying,2,0
"['Run Away', 'Pickup', 'Skill Link']",18,70,5120,360,45,Long Tail Pokémon,55,55,Aipom,50,190,40,55,85,normal,,2,0
"['Chlorophyll', 'Solar Power', 'Early Bird']",21,30,5120,180,235,Seed Pokémon,30,30,Sunkern,50,191,30,30,30,grass,,2,0
"['Chlorophyll', 'Solar Power', 'Early Bird']",21,75,5120,425,120,Sun Pokémon,55,75,Sunflora,50,192,105,85,30,grass,,2,0
"['Speed Boost', 'Compoundeyes', 'Frisk']",22,65,5120,390,75,Clear Wing Pokémon,45,65,Yanma,50,193,75,45,95,bug,flying,2,0
"['Damp', 'Water Absorb', 'Unaware']",18,45,5120,210,255,Water Fish Pokémon,45,55,Wooper,50,194,25,25,15,water,ground,2,0
"['Damp', 'Water Absorb', 'Unaware']",18,85,5120,430,90,Water Fish Pokémon,85,95,Quagsire,50,195,65,65,35,water,ground,2,0
"['Synchronize', 'Magic Bounce']",20,65,8960,525,45,Sun Pokémon,60,65,Espeon,"88,1",196,130,95,110,psychic,,2,0
"['Synchronize', 'Inner Focus']",19,65,8960,525,45,Moonlight Pokémon,110,95,Umbreon,"88,1",197,60,130,65,dark,,2,0
"['Insomnia', 'Super Luck', 'Prankster']","18,5",85,5120,405,30,Darkness Pokémon,42,60,Murkrow,50,198,85,42,91,dark,flying,2,0
"['Oblivious', 'Own Tempo', 'Regenerator']",20,75,5120,490,70,Royal Pokémon,80,95,Slowking,50,199,100,110,30,water,psychic,2,0
['Levitate'],17,60,6400,435,45,Screech Pokémon,60,60,Misdreavus,50,200,85,85,85,ghost,,2,0
['Levitate'],20,72,10240,336,225,Symbol Pokémon,48,48,Unown,,201,72,48,48,psychic,,2,0
"['Shadow Tag', 'Telepathy']",20,33,5120,405,45,Patient Pokémon,58,190,Wobbuffet,50,202,33,58,33,psychic,,2,0
"['Inner Focus', 'Early Bird', 'Sap Sipper']","18,5",80,5120,455,60,Long Neck Pokémon,65,70,Girafarig,50,203,90,65,85,normal,psychic,2,0
"['Sturdy', 'Overcoat']","19,5",65,5120,290,190,Bagworm Pokémon,90,50,Pineco,50,204,35,35,15,bug,,2,0
"['Sturdy', 'Overcoat']","15,75",90,5120,465,75,Bagworm Pokémon,140,75,Forretress,50,205,60,60,40,bug,steel,2,0
"['Serene Grace', 'Run Away', 'Rattled']",18,70,5120,415,190,Land Snake Pokémon,70,100,Dunsparce,50,206,65,65,45,normal,,2,0
"['Hyper Cutter', 'Sand Veil', 'Immunity']","18,5",75,5120,430,60,Flyscorpion Pokémon,105,65,Gligar,50,207,35,65,85,ground,flying,2,0
"['Rock Head', 'Sturdy', 'Sheer Force']","15,75",125,6400,610,25,Iron Snake Pokémon,230,75,Steelix,50,208,55,95,30,steel,ground,2,0
"['Intimidate', 'Run Away', 'Rattled']","17,5",80,5120,300,190,Fairy Pokémon,50,60,Snubbull,"24,6",209,40,40,30,fairy,,2,0
"['Intimidate', 'Quick Feet', 'Rattled']","17,5",120,5120,450,75,Fairy Pokémon,75,90,Granbull,"24,6",210,60,60,45,fairy,,2,0
"['Poison Point', 'Swift Swim', 'Intimidate']",17,95,5120,440,45,Balloon Pokémon,85,65,Qwilfish,50,211,55,55,85,water,poison,2,0
"['Swarm', 'Technician', 'Light Metal']","15,75",150,6400,600,25,Pincer Pokémon,140,70,Scizor,50,212,65,100,75,bug,steel,2,0
"['Sturdy', 'Gluttony', 'Contrary']",20,10,5120,505,190,Mold Pokémon,230,20,Shuckle,50,213,10,230,5,bug,rock,2,0
"['Swarm', 'Guts', 'Moxie']","21,5",185,6400,600,45,Singlehorn Pokémon,115,80,Heracross,50,214,40,105,75,bug,fighting,2,0
"['Inner Focus', 'Keen Eye', 'Pickpocket']","23,5",95,5120,430,60,Sharp Claw Pokémon,55,55,Sneasel,50,215,35,75,115,dark,ice,2,0
"['Pickup', 'Quick Feet', 'Honey Gather']",18,80,5120,330,120,Little Bear Pokémon,50,60,Teddiursa,50,216,50,50,40,normal,,2,0
"['Guts', 'Quick Feet', 'Unnerve']",18,130,5120,500,60,Hibernator Pokémon,75,90,Ursaring,50,217,75,75,55,normal,,2,0
"['Magma Armor', 'Flame Body', 'Weak Armor']",18,40,5120,250,190,Lava Pokémon,40,40,Slugma,50,218,70,40,20,fire,,2,0
"['Magma Armor', 'Flame Body', 'Weak Armor']","22,25",50,5120,430,75,Lava Pokémon,120,60,Magcargo,50,219,90,80,30,fire,rock,2,0
"['Oblivious', 'Snow Cloak', 'Thick Fat']","21,5",50,5120,250,225,Pig Pokémon,40,50,Swinub,50,220,30,30,50,ice,ground,2,0
"['Oblivious', 'Snow Cloak', 'Thick Fat']","21,5",100,5120,450,75,Swine Pokémon,80,100,Piloswine,50,221,60,60,50,ice,ground,2,0
"['Hustle', 'Natural Cure', 'Regenerator']","21,25",55,5120,410,60,Coral Pokémon,95,65,Corsola,"24,6",222,65,95,35,water,rock,2,0
"['Hustle', 'Sniper', 'Moody']",18,65,5120,300,190,Jet Pokémon,35,35,Remoraid,50,223,65,35,65,water,,2,0
"['Suction Cups', 'Sniper', 'Moody']",18,105,5120,480,75,Jet Pokémon,75,75,Octillery,50,224,105,75,45,water,,2,0
"['Vital Spirit', 'Hustle', 'Insomnia']",22,55,5120,330,45,Delivery Pokémon,45,45,Delibird,50,225,65,45,75,ice,flying,2,0
"['Swift Swim', 'Water Absorb', 'Water Veil']","18,5",40,6400,485,25,Kite Pokémon,70,85,Mantine,50,226,80,140,70,water,flying,2,0
"['Keen Eye', 'Sturdy', 'Weak Armor']","13,5",80,6400,465,25,Armor Bird Pokémon,140,65,Skarmory,50,227,40,70,70,steel,flying,2,0
"['Early Bird', 'Flash Fire', 'Unnerve']",18,60,5120,330,120,Dark Pokémon,30,45,Houndour,50,228,80,50,65,dark,fire,2,0
"['Early Bird', 'Flash Fire', 'Unnerve']",18,90,5120,600,45,Dark Pokémon,90,75,Houndoom,50,229,140,90,115,dark,fire,2,0
"['Swift Swim', 'Sniper', 'Damp']",18,95,5120,540,45,Dragon Pokémon,95,75,Kingdra,50,230,95,95,85,water,dragon,2,0
"['Pickup', 'Sand Veil']",19,60,5120,330,120,Long Nose Pokémon,60,90,Phanpy,50,231,40,40,40,ground,,2,0
"['Sturdy', 'Sand Veil']",19,120,5120,500,60,Armor Pokémon,120,90,Donphan,50,232,60,60,50,ground,,2,0
"['Trace', 'Download', 'Analytic']",18,80,5120,515,45,Virtual Pokémon,90,85,Porygon2,,233,105,95,60,normal,,2,0
"['Intimidate', 'Frisk', 'Sap Sipper']",18,95,5120,465,45,Big Horn Pokémon,62,73,Stantler,50,234,85,65,85,normal,,2,0
"['Own Tempo', 'Technician', 'Moody']",18,20,5120,250,45,Painter Pokémon,35,55,Smeargle,50,235,20,45,75,normal,,2,0
"['Guts', 'Steadfast', 'Vital Spirit']","19,5",35,6400,210,75,Scuffle Pokémon,35,35,Tyrogue,100,236,35,35,35,fighting,,2,0
"['Intimidate', 'Technician', 'Steadfast']","19,5",95,6400,455,45,Handstand Pokémon,95,50,Hitmontop,100,237,35,110,70,fighting,,2,0
"['Oblivious', 'Forewarn', 'Hydration']",23,30,6400,305,45,Kiss Pokémon,15,45,Smoochum,0,238,85,65,65,ice,psychic,2,0
"['Static', 'Vital Spirit']","17,5",63,6400,360,45,Electric Pokémon,37,45,Elekid,"75,4",239,65,55,95,electric,,2,0
"['Flame Body', 'Vital Spirit']",18,75,6400,365,45,Live Coal Pokémon,37,45,Magby,"75,4",240,70,55,83,fire,,2,0
"['Thick Fat', 'Scrappy', 'Sap Sipper']",18,80,5120,490,45,Milk Cow Pokémon,105,95,Miltank,0,241,40,70,100,normal,,2,0
"['Natural Cure', 'Serene Grace', 'Healer']",18,10,10240,540,30,Happiness Pokémon,10,255,Blissey,0,242,75,135,55,normal,,2,0
"['Pressure', 'Inner Focus']","17,5",85,20480,580,3,Thunder Pokémon,75,90,Raikou,,243,115,100,115,electric,,2,1
"['Pressure', 'Inner Focus']",18,115,20480,580,3,Volcano Pokémon,85,115,Entei,,244,90,75,100,fire,,2,1
"['Pressure', 'Inner Focus']",18,75,20480,580,3,Aurora Pokémon,115,100,Suicune,,245,90,115,85,water,,2,1
"['Guts', 'Sand Veil']","24,25",64,10240,300,45,Rock Skin Pokémon,50,50,Larvitar,50,246,45,50,41,rock,ground,2,0
['Shed Skin'],"24,25",84,10240,410,45,Hard Shell Pokémon,70,70,Pupitar,50,247,65,70,51,rock,ground,2,0
"['Sand Stream', 'Unnerve']",23,164,10240,700,45,Armor Pokémon,150,100,Tyranitar,50,248,95,120,71,rock,dark,2,0
"['Pressure', 'Multiscale']","20,25",90,30720,680,3,Diving Pokémon,130,106,Lugia,,249,90,154,110,psychic,flying,2,1
"['Pressure', 'Regenerator']","18,5",130,30720,680,3,Rainbow Pokémon,90,106,Ho-Oh,,250,110,154,90,fire,flying,2,1
['Natural Cure'],24,100,30720,600,45,Time Travel Pokémon,100,100,Celebi,,251,100,100,100,psychic,grass,2,1
"['Overgrow', 'Unburden']",21,45,5120,310,45,Wood Gecko Pokémon,35,40,Treecko,"88,1",252,65,55,70,grass,,3,0
"['Overgrow', 'Unburden']",21,65,5120,405,45,Wood Gecko Pokémon,45,50,Grovyle,"88,1",253,85,65,95,grass,,3,0
"['Overgrow', 'Unburden']",21,110,5120,630,45,Forest Pokémon,75,70,Sceptile,"88,1",254,145,85,145,grass,,3,0
"['Blaze', 'Speed Boost']",18,60,5120,310,45,Chick Pokémon,40,45,Torchic,"88,1",255,70,50,45,fire,,3,0
"['Blaze', 'Speed Boost']","18,75",85,5120,405,45,Young Fowl Pokémon,60,60,Combusken,"88,1",256,85,60,55,fire,fighting,3,0
"['Blaze', 'Speed Boost']","18,75",160,5120,630,45,Blaze Pokémon,80,80,Blaziken,"88,1",257,130,80,100,fire,fighting,3,0
"['Torrent', 'Damp']",18,70,5120,310,45,Mud Fish Pokémon,50,50,Mudkip,"88,1",258,50,50,40,water,,3,0
"['Torrent', 'Damp']",18,85,5120,405,45,Mud Fish Pokémon,70,70,Marshtomp,"88,1",259,60,70,50,water,ground,3,0
"['Torrent', 'Damp']",18,150,5120,635,45,Mud Fish Pokémon,110,100,Swampert,"88,1",260,95,110,70,water,ground,3,0
"['Run Away', 'Quick Feet', 'Rattled']",19,55,3840,220,255,Bite Pokémon,35,35,Poochyena,50,261,30,30,35,dark,,3,0
"['Intimidate', 'Quick Feet', 'Moxie']",19,90,3840,420,127,Bite Pokémon,70,70,Mightyena,50,262,60,60,70,dark,,3,0
"['Pickup', 'Gluttony', 'Quick Feet']",18,30,3840,240,255,Tiny Racoon Pokémon,41,38,Zigzagoon,50,263,30,41,60,normal,,3,0
"['Pickup', 'Gluttony', 'Quick Feet']",18,70,3840,420,90,Rush Pokémon,61,78,Linoone,50,264,50,61,100,normal,,3,0
"['Shield Dust', 'Run Away']","19,5",45,3840,195,255,Worm Pokémon,35,45,Wurmple,50,265,20,30,20,bug,,3,0
['Shed Skin'],"19,5",35,3840,205,120,Cocoon Pokémon,55,50,Silcoon,50,266,25,25,15,bug,,3,0
"['Swarm', 'Rivalry']",22,70,3840,395,45,Butterfly Pokémon,50,60,Beautifly,50,267,100,50,65,bug,flying,3,0
['Shed Skin'],"19,5",35,3840,205,120,Cocoon Pokémon,55,50,Cascoon,50,268,25,25,15,bug,,3,0
"['Shield Dust', 'Compoundeyes']",19,50,3840,385,45,Poison Moth Pokémon,70,60,Dustox,50,269,50,90,65,bug,poison,3,0
"['Swift Swim', 'Rain Dish', 'Own Tempo']","19,25",30,3840,220,255,Water Weed Pokémon,30,40,Lotad,50,270,40,50,30,water,grass,3,0
"['Swift Swim', 'Rain Dish', 'Own Tempo']","19,25",50,3840,340,120,Jolly Pokémon,50,60,Lombre,50,271,60,70,50,water,grass,3,0
"['Swift Swim', 'Rain Dish', 'Own Tempo']","19,25",70,3840,480,45,Carefree Pokémon,70,80,Ludicolo,50,272,90,100,70,water,grass,3,0
"['Chlorophyll', 'Early Bird', 'Pickpocket']",21,40,3840,220,255,Acorn Pokémon,50,40,Seedot,50,273,30,30,30,grass,,3,0
"['Chlorophyll', 'Early Bird', 'Pickpocket']",23,70,3840,340,120,Wily Pokémon,40,70,Nuzleaf,50,274,60,40,60,grass,dark,3,0
"['Chlorophyll', 'Early Bird', 'Pickpocket']",23,100,3840,480,45,Wickid Pokémon,60,90,Shiftry,50,275,90,60,80,grass,dark,3,0
"['Guts', 'Scrappy']",18,55,3840,270,200,TinySwallow Pokémon,30,40,Taillow,50,276,30,30,85,normal,flying,3,0
"['Guts', 'Scrappy']",18,85,3840,455,45,Swallow Pokémon,60,60,Swellow,50,277,75,50,125,normal,flying,3,0
"['Keen Eye', 'Hydration', 'Rain Dish']","18,5",30,5120,270,190,Seagull Pokémon,30,40,Wingull,50,278,55,30,85,water,flying,3,0
"['Keen Eye', 'Drizzle', 'Rain Dish']","18,5",50,5120,440,45,Water Bird Pokémon,100,60,Pelipper,50,279,95,70,65,water,flying,3,0
"['Synchronize', 'Trace', 'Telepathy']","18,75",25,5120,198,235,Feeling Pokémon,25,28,Ralts,50,280,45,35,40,psychic,fairy,3,0
"['Synchronize', 'Trace', 'Telepathy']","18,75",35,5120,278,120,Emotion Pokémon,35,38,Kirlia,50,281,65,55,50,psychic,fairy,3,0
"['Synchronize', 'Trace', 'Telepathy']","18,75",85,5120,618,45,Embrace Pokémon,65,68,Gardevoir,50,282,165,135,100,psychic,fairy,3,0
"['Swift Swim', 'Rain Dish']","18,5",30,3840,269,200,Pond Skater Pokémon,32,40,Surskit,50,283,50,52,65,bug,water,3,0
"['Intimidate', 'Unnerve']",22,60,3840,454,75,Eyeball Pokémon,62,70,Masquerain,50,284,100,82,80,bug,flying,3,0
"['Effect Spore', 'Poison Heal', 'Quick Feet']",21,40,3840,295,255,Mushroom Pokémon,60,60,Shroomish,50,285,40,60,35,grass,,3,0
"['Effect Spore', 'Poison Heal', 'Technician']",23,130,3840,460,90,Mushroom Pokémon,80,60,Breloom,50,286,60,60,70,grass,fighting,3,0
['Truant'],18,60,3840,280,255,Slacker Pokémon,60,60,Slakoth,50,287,35,35,30,normal,,3,0
['Vital Spirit'],18,80,3840,440,120,Wild Monkey Pokémon,80,80,Vigoroth,50,288,55,55,90,normal,,3,0
['Truant'],18,160,3840,670,45,Lazy Pokémon,100,150,Slaking,50,289,95,65,100,normal,,3,0
"['Compoundeyes', 'Run Away']","19,5",45,3840,266,255,Trainee Pokémon,90,31,Nincada,50,290,30,30,40,bug,ground,3,0
"['Speed Boost', 'Infiltrator']",22,90,3840,456,120,Ninja Pokémon,45,61,Ninjask,50,291,50,50,160,bug,flying,3,0
['Wonder Guard'],19,90,3840,236,45,Shed Pokémon,45,1,Shedinja,,292,30,30,40,bug,ghost,3,0
"['Soundproof', 'Rattled']",18,51,5120,240,190,Whisper Pokémon,23,64,Whismur,50,293,51,23,28,normal,,3,0
"['Soundproof', 'Scrappy']",18,71,5120,360,120,Big Voice Pokémon,43,84,Loudred,50,294,71,43,48,normal,,3,0
"['Soundproof', 'Scrappy']",18,91,5120,490,45,Loud Noise Pokémon,63,104,Exploud,50,295,91,73,68,normal,,3,0
"['Thick Fat', 'Guts', 'Sheer Force']","19,5",60,5120,237,180,Guts Pokémon,30,72,Makuhita,"75,4",296,20,30,25,fighting,,3,0
"['Thick Fat', 'Guts', 'Sheer Force']","19,5",120,5120,474,200,Arm Thrust Pokémon,60,144,Hariyama,"75,4",297,40,60,50,fighting,,3,0
"['Thick Fat', 'Huge Power', 'Sap Sipper']",17,20,2560,190,150,Polka Dot Pokémon,40,50,Azurill,"24,6",298,20,40,20,normal,fairy,3,0
"['Sturdy', 'Magnet Pull', 'Sand Force']",21,45,5120,375,255,Compass Pokémon,135,30,Nosepass,50,299,45,90,30,rock,,3,0
"['Cute Charm', 'Normalize', 'Wonder Skin ']",18,45,3840,260,255,Kitten Pokémon,45,50,Skitty,"24,6",300,35,35,50,normal,,3,0
"['Cute Charm', 'Normalize', 'Wonder Skin ']",18,65,3840,400,60,Prim Pokémon,65,70,Delcatty,"24,6",301,55,55,90,normal,,3,0
"['Keen Eye', 'Stall', 'Prankster']","15,5",85,6400,480,45,Darkness Pokémon,125,50,Sableye,50,302,85,115,20,dark,ghost,3,0
"['Hyper Cutter', 'Intimidate', 'Sheer Force']","13,25",105,5120,480,45,Deceiver Pokémon,125,50,Mawile,50,303,55,95,50,steel,fairy,3,0
"['Sturdy', 'Rock Head', 'Heavy Metal']","19,5",70,8960,330,180,Iron Armor Pokémon,100,50,Aron,50,304,40,40,30,steel,rock,3,0
"['Sturdy', 'Rock Head', 'Heavy Metal']","19,5",90,8960,430,90,Iron Armor Pokémon,140,60,Lairon,50,305,50,50,40,steel,rock,3,0
"['Sturdy', 'Rock Head', 'Heavy Metal']","19,5",140,8960,630,45,Iron Armor Pokémon,230,70,Aggron,50,306,60,80,50,steel,rock,3,0
"['Pure Power', 'Telepathy']",20,40,5120,280,180,Meditate Pokémon,55,30,Meditite,50,307,40,55,60,fighting,psychic,3,0
"['Pure Power', 'Telepathy']",20,100,5120,510,90,Meditate Pokémon,85,60,Medicham,50,308,80,85,100,fighting,psychic,3,0
"['Static', 'Lightningrod', 'Minus']","17,5",45,5120,295,120,Lightning Pokémon,40,40,Electrike,50,309,65,40,65,electric,,3,0
"['Static', 'Lightningrod', 'Minus']","17,5",75,5120,575,45,Discharge Pokémon,80,70,Manectric,50,310,135,80,135,electric,,3,0
"['Plus', 'Lightningrod']","17,5",50,5120,405,200,Cheering Pokémon,40,60,Plusle,50,311,85,75,95,electric,,3,0
"['Minus', 'Volt Absorb']","17,5",40,5120,405,200,Cheering Pokémon,50,60,Minun,50,312,75,85,95,electric,,3,0
"['Illuminate', 'Swarm', 'Prankster']","19,5",73,3840,430,150,Firefly Pokémon,75,65,Volbeat,100,313,47,85,85,bug,,3,0
"['Oblivious', 'Tinted Lens', 'Prankster']","19,5",47,3840,430,150,Firefly Pokémon,75,65,Illumise,0,314,73,85,85,bug,,3,0
"['Natural Cure', 'Poison Point', 'Leaf Guard']","19,25",60,5120,400,150,Thorn Pokémon,45,50,Roselia,50,315,100,80,65,grass,poison,3,0
"['Liquid Ooze', 'Sticky Hold', 'Gluttony']","17,5",43,5120,302,225,Stomach Pokémon,53,70,Gulpin,50,316,43,53,40,poison,,3,0
"['Liquid Ooze', 'Sticky Hold', 'Gluttony']","17,5",73,5120,467,75,Poison Bag Pokémon,83,100,Swalot,50,317,73,83,55,poison,,3,0
"['Rough Skin', 'Speed Boost']",19,90,5120,305,225,Savage Pokémon,20,45,Carvanha,50,318,65,20,65,water,dark,3,0
"['Rough Skin', 'Speed Boost']",19,140,5120,560,60,Brutal Pokémon,70,70,Sharpedo,50,319,110,65,105,water,dark,3,0
"['Water Veil', 'Oblivious', 'Pressure']",18,70,10240,400,125,Ball Whale Pokémon,35,130,Wailmer,50,320,70,35,60,water,,3,0
"['Water Veil', 'Oblivious', 'Pressure']",18,90,10240,500,60,Float Whale Pokémon,45,170,Wailord,50,321,90,45,60,water,,3,0
"['Oblivious', 'Simple', 'Own Tempo']","18,5",60,5120,305,255,Numb Pokémon,40,60,Numel,50,322,65,45,35,fire,ground,3,0
"['Magma Armor', 'Solid Rock', 'Anger Point']","18,5",120,5120,560,150,Eruption Pokémon,100,70,Camerupt,50,323,145,105,20,fire,ground,3,0
"['White Smoke', 'Drought', 'Shell Armor']",18,85,5120,470,90,Coal Pokémon,140,70,Torkoal,50,324,85,70,20,fire,,3,0
"['Thick Fat', 'Own Tempo', 'Gluttony']",20,25,5120,330,255,Bounce Pokémon,35,60,Spoink,50,325,70,80,60,psychic,,3,0
"['Thick Fat', 'Own Tempo', 'Gluttony']",20,45,5120,470,60,Manipulate Pokémon,65,80,Grumpig,50,326,90,110,80,psychic,,3,0
"['Own Tempo', 'Tangled Feet', 'Contrary']",18,60,3840,360,255,Spot Panda Pokémon,60,60,Spinda,50,327,60,60,60,normal,,3,0
"['Hyper Cutter', 'Arena Trap', 'Sheer Force']",19,100,5120,290,255,Ant Pit Pokémon,45,45,Trapinch,50,328,45,45,10,ground,,3,0
['Levitate'],"20,5",70,5120,340,120,Vibration Pokémon,50,50,Vibrava,50,329,50,50,70,ground,dragon,3,0
['Levitate'],"20,5",100,5120,520,45,Mystic Pokémon,80,80,Flygon,50,330,80,80,100,ground,dragon,3,0
"['Sand Veil', 'Water Absorb']",21,85,5120,335,190,Cactus Pokémon,40,50,Cacnea,50,331,85,40,35,grass,,3,0
"['Sand Veil', 'Water Absorb']",23,115,5120,475,60,Scarecrow Pokémon,60,70,Cacturne,50,332,115,60,55,grass,dark,3,0
"['Natural Cure', 'Cloud Nine']",18,40,5120,310,255,Cotton Bird Pokémon,60,45,Swablu,50,333,40,75,50,normal,flying,3,0
"['Natural Cure', 'Cloud Nine']","20,25",110,5120,590,45,Humming Pokémon,110,75,Altaria,50,334,110,105,80,dragon,flying,3,0
"['Immunity', 'Toxic Boost']",18,115,5120,458,90,Cat Ferret Pokémon,60,73,Zangoose,50,335,60,60,90,normal,,3,0
"['Shed Skin', 'Infiltrator']","17,5",100,5120,458,90,Fang Snake Pokémon,60,73,Seviper,50,336,100,60,65,poison,,3,0
['Levitate'],"22,5",55,6400,460,45,Meteorite Pokémon,65,90,Lunatone,,337,95,85,70,rock,psychic,3,0
['Levitate'],"22,5",95,6400,460,45,Meteorite Pokémon,85,90,Solrock,,338,55,65,70,rock,psychic,3,0
"['Oblivious', 'Anticipation', 'Hydration']",18,48,5120,288,190,Whiskers Pokémon,43,50,Barboach,50,339,46,41,60,water,ground,3,0
"['Oblivious', 'Anticipation', 'Hydration']",18,78,5120,468,75,Whiskers Pokémon,73,110,Whiscash,50,340,76,71,60,water,ground,3,0
"['Hyper Cutter', 'Shell Armor', 'Adaptability']",18,80,3840,308,205,Ruffian Pokémon,65,43,Corphish,50,341,50,35,35,water,,3,0
"['Hyper Cutter', 'Shell Armor', 'Adaptability']",19,120,3840,468,155,Rogue Pokémon,85,63,Crawdaunt,50,342,90,55,55,water,dark,3,0
['Levitate'],21,40,5120,300,255,Clay Doll Pokémon,55,40,Baltoy,,343,40,70,55,ground,psychic,3,0
['Levitate'],21,70,5120,500,90,Clay Doll Pokémon,105,60,Claydol,,344,70,120,75,ground,psychic,3,0
"['Suction Cups', 'Storm Drain']",21,41,7680,355,45,Sea Lily Pokémon,77,66,Lileep,"88,1",345,61,87,23,rock,grass,3,0
"['Suction Cups', 'Storm Drain']",21,81,7680,495,45,Barnacle Pokémon,97,86,Cradily,"88,1",346,81,107,43,rock,grass,3,0
"['Battle Armor', 'Swift Swim']",20,95,7680,355,45,Old Shrimp Pokémon,50,45,Anorith,"88,1",347,40,50,75,rock,bug,3,0
"['Battle Armor', 'Swift Swim']",20,125,7680,495,45,Plate Pokémon,100,75,Armaldo,"88,1",348,70,80,45,rock,bug,3,0
"['Swift Swim', 'Oblivious', 'Adaptability']",18,15,5120,200,255,Fish Pokémon,20,20,Feebas,50,349,10,55,80,water,,3,0
"['Marvel Scale', 'Competitive', 'Cute Charm']",18,60,5120,540,60,Tender Pokémon,79,95,Milotic,50,350,100,125,81,water,,3,0
['Forecast'],18,70,6400,420,45,Weather Pokémon,70,70,Castform,50,351,70,70,70,normal,,3,0
"['Color Change', 'Protean']",18,90,5120,440,200,Color Swap Pokémon,70,60,Kecleon,50,352,60,120,40,normal,,3,0
"['Insomnia', 'Frisk', 'Cursed Body']",17,75,6400,295,225,Puppet Pokémon,35,44,Shuppet,50,353,63,33,45,ghost,,3,0
"['Insomnia', 'Frisk', 'Cursed Body']",17,165,6400,555,45,Marionette Pokémon,75,64,Banette,50,354,93,83,75,ghost,,3,0
"['Levitate', 'Frisk']",17,40,6400,295,190,Requiem Pokémon,90,20,Duskull,50,355,30,90,25,ghost,,3,0
"['Pressure', 'Frisk']",17,70,6400,455,90,Beckon Pokémon,130,40,Dusclops,50,356,60,130,25,ghost,,3,0
"['Chlorophyll', 'Solar Power', 'Harvest']","22,25",68,6400,460,200,Fruit Pokémon,83,99,Tropius,50,357,72,87,51,grass,flying,3,0
['Levitate'],20,50,6400,455,45,Wind Chime Pokémon,80,75,Chimecho,50,358,95,90,65,psychic,,3,0
"['Pressure', 'Super Luck', 'Justified']",19,150,6400,565,30,Disaster Pokémon,60,65,Absol,50,359,115,60,115,dark,,3,0
"['Shadow Tag', 'Telepathy']",20,23,5120,260,125,Bright Pokémon,48,95,Wynaut,50,360,23,48,23,psychic,,3,0
"['Inner Focus', 'Ice Body', 'Moody']","21,5",50,5120,300,190,Snow Hat Pokémon,50,50,Snorunt,50,361,50,50,50,ice,,3,0
"['Inner Focus', 'Ice Body', 'Moody']","21,5",120,5120,580,75,Face Pokémon,80,80,Glalie,50,362,120,80,100,ice,,3,0
"['Thick Fat', 'Ice Body', 'Oblivious']","20,75",40,5120,290,255,Clap Pokémon,50,70,Spheal,50,363,55,50,25,ice,water,3,0
"['Thick Fat', 'Ice Body', 'Oblivious']","20,75",60,5120,410,120,Ball Roll Pokémon,70,90,Sealeo,50,364,75,70,45,ice,water,3,0
"['Thick Fat', 'Ice Body', 'Oblivious']","20,75",80,5120,530,45,Ice Break Pokémon,90,110,Walrein,50,365,95,90,65,ice,water,3,0
"['Shell Armor', 'Rattled']",18,64,5120,345,255,Bivalve Pokémon,85,35,Clamperl,50,366,74,55,32,water,,3,0
"['Swift Swim', 'Water Veil']",18,104,5120,485,60,Deep Sea Pokémon,105,55,Huntail,50,367,94,75,52,water,,3,0
"['Swift Swim', 'Hydration']",18,84,5120,485,60,South Sea Pokémon,105,55,Gorebyss,50,368,114,75,52,water,,3,0
"['Swift Swim', 'Rock Head', 'Sturdy']","21,25",90,10240,485,25,Longevity Pokémon,130,100,Relicanth,"88,1",369,45,65,55,water,rock,3,0
"['Swift Swim', 'Hydration']",18,30,5120,330,225,Rendezvous Pokémon,55,43,Luvdisc,"24,6",370,40,65,97,water,,3,0
"['Rock Head', 'Sheer Force']",19,75,10240,300,45,Rock Head Pokémon,60,45,Bagon,50,371,40,30,50,dragon,,3,0
"['Rock Head', 'Overcoat']",19,95,10240,420,45,Endurance Pokémon,100,65,Shelgon,50,372,60,50,50,dragon,,3,0
"['Intimidate', 'Moxie']","20,25",145,10240,700,45,Dragon Pokémon,130,95,Salamence,50,373,120,90,120,dragon,flying,3,0
"['Clear Body', 'Light Metal']","16,25",55,10240,300,3,Iron Ball Pokémon,80,40,Beldum,,374,35,60,30,steel,psychic,3,0
"['Clear Body', 'Light Metal']","16,25",75,10240,420,3,Iron Claw Pokémon,100,60,Metang,,375,55,80,50,steel,psychic,3,0
"['Clear Body', 'Light Metal']","16,25",145,10240,700,3,Iron Leg Pokémon,150,80,Metagross,,376,105,110,110,steel,psychic,3,0
"['Clear Body', 'Sturdy']",21,100,20480,580,3,Rock Peak Pokémon,200,80,Regirock,,377,50,100,50,rock,,3,1
"['Clear Body', 'Ice Body']","21,5",50,20480,580,3,Iceberg Pokémon,100,80,Regice,,378,100,200,50,ice,,3,1
"['Clear Body', 'Light Metal']",15,75,20480,580,3,Iron Pokémon,150,80,Registeel,,379,75,150,50,steel,,3,1
['Levitate'],21,100,30720,700,3,Eon Pokémon,120,80,Latias,0,380,140,150,110,dragon,psychic,3,1
['Levitate'],21,130,30720,700,3,Eon Pokémon,100,80,Latios,100,381,160,120,110,dragon,psychic,3,1
['Drizzle'],18,150,30720,770,3,Sea Basin Pokémon,90,100,Kyogre,,382,180,160,90,water,,3,1
['Drought'],19,180,30720,770,3,Continent Pokémon,160,100,Groudon,,383,150,90,90,ground,,3,1
['Air Lock'],"20,25",180,30720,780,45,Sky High Pokémon,100,105,Rayquaza,,384,180,100,115,dragon,flying,3,1
['Serene Grace'],"16,25",100,30720,600,3,Wish Pokémon,100,100,Jirachi,,385,100,100,100,steel,psychic,3,1
['Pressure'],20,95,30720,600,3,DNA Pokémon,90,50,Deoxys,,386,95,90,180,psychic,,3,1
"['Overgrow', 'Shell Armor']",21,68,5120,318,45,Tiny Leaf Pokémon,64,55,Turtwig,"88,1",387,45,55,31,grass,,4,0
"['Overgrow', 'Shell Armor']",21,89,5120,405,45,Grove Pokémon,85,75,Grotle,"88,1",388,55,65,36,grass,,4,0
"['Overgrow', 'Shell Armor']",22,109,5120,525,45,Continent Pokémon,105,95,Torterra,"88,1",389,75,85,56,grass,ground,4,0
"['Blaze', 'Iron Fist']",18,58,5120,309,45,Chimp Pokémon,44,44,Chimchar,"88,1",390,58,44,61,fire,,4,0
"['Blaze', 'Iron Fist']","18,75",78,5120,405,45,Playful Pokémon,52,64,Monferno,"88,1",391,78,52,81,fire,fighting,4,0
"['Blaze', 'Iron Fist']","18,75",104,5120,534,45,Flame Pokémon,71,76,Infernape,"88,1",392,104,71,108,fire,fighting,4,0
"['Torrent', 'Defiant']",18,51,5120,314,45,Penguin Pokémon,53,53,Piplup,"88,1",393,61,56,40,water,,4,0
"['Torrent', 'Defiant']",18,66,5120,405,45,Penguin Pokémon,68,64,Prinplup,"88,1",394,81,76,50,water,,4,0
"['Torrent', 'Defiant']","14,5",86,5120,530,45,Emperor Pokémon,88,84,Empoleon,"88,1",395,111,101,60,water,steel,4,0
"['Keen Eye', 'Reckless']",18,55,3840,245,255,Starling Pokémon,30,40,Starly,50,396,30,30,60,normal,flying,4,0
"['Intimidate', 'Reckless']",18,75,3840,340,120,Starling Pokémon,50,55,Staravia,50,397,40,40,80,normal,flying,4,0
"['Intimidate', 'Reckless']",18,120,3840,485,45,Predator Pokémon,70,85,Staraptor,50,398,50,60,100,normal,flying,4,0
"['Simple', 'Unaware', 'Moody']",18,45,3840,250,255,Plump Mouse Pokémon,40,59,Bidoof,50,399,35,40,31,normal,,4,0
"['Simple', 'Unaware', 'Moody']",18,85,3840,410,127,Beaver Pokémon,60,79,Bibarel,50,400,55,60,71,normal,water,4,0
"['Shed Skin', 'Run Away']","19,5",25,3840,194,255,Cricket Pokémon,41,37,Kricketot,50,401,25,41,25,bug,,4,0
"['Swarm', 'Technician']","19,5",85,3840,384,45,Cricket Pokémon,51,77,Kricketune,50,402,55,51,65,bug,,4,0
"['Rivalry', 'Intimidate', 'Guts']","17,5",65,5120,263,235,Flash Pokémon,34,45,Shinx,50,403,40,34,45,electric,,4,0
"['Rivalry', 'Intimidate', 'Guts']","17,5",85,5120,363,120,Spark Pokémon,49,60,Luxio,50,404,60,49,60,electric,,4,0
"['Rivalry', 'Intimidate', 'Guts']","17,5",120,5120,523,45,Gleam Eyes Pokémon,79,80,Luxray,50,405,95,79,70,electric,,4,0
"['Natural Cure', 'Poison Point', 'Leaf Guard']","19,25",30,5120,280,255,Bud Pokémon,35,40,Budew,50,406,50,70,55,grass,poison,4,0
"['Natural Cure', 'Poison Point', 'Technician']","19,25",70,5120,515,75,Bouquet Pokémon,65,60,Roserade,50,407,125,105,90,grass,poison,4,0
"['Mold Breaker', 'Sheer Force']",21,125,7680,350,45,Head Butt Pokémon,40,67,Cranidos,"88,1",408,30,30,58,rock,,4,0
"['Mold Breaker', 'Sheer Force']",21,165,7680,495,45,Head Butt Pokémon,60,97,Rampardos,"88,1",409,65,50,58,rock,,4,0
"['Sturdy', 'Soundproof']","19,5",42,7680,350,45,Shield Pokémon,118,30,Shieldon,"88,1",410,42,88,30,rock,steel,4,0
"['Sturdy', 'Soundproof']","19,5",52,7680,495,45,Shield Pokémon,168,60,Bastiodon,"88,1",411,47,138,30,rock,steel,4,0
"['Shed Skin', 'Overcoat']","19,5",29,3840,224,120,Bagworm Pokémon,45,40,Burmy,50,412,29,45,36,bug,,4,0
"['Anticipation', 'Overcoat']",25,69,3840,424,45,Bagworm Pokémon,95,60,Wormadam,0,413,69,95,36,bug,grass,4,0
"['Swarm', 'Tinted Lens']",22,94,3840,424,45,Moth Pokémon,50,70,Mothim,100,414,94,50,66,bug,flying,4,0
"['Honey Gather', 'Hustle']",22,30,3840,244,120,Tiny Bee Pokémon,42,30,Combee,"88,1",415,30,42,70,bug,flying,4,0
"['Pressure', 'Unnerve']",22,80,3840,474,45,Beehive Pokémon,102,70,Vespiquen,0,416,80,102,40,bug,flying,4,0
"['Run Away', 'Pickup', 'Volt Absorb']","17,5",45,2560,405,200,EleSquirrel Pokémon,70,60,Pachirisu,50,417,45,90,95,electric,,4,0
"['Swift Swim', 'Water Veil']",18,65,5120,330,190,Sea Weasel Pokémon,35,55,Buizel,50,418,60,30,85,water,,4,0
"['Swift Swim', 'Water Veil']",18,105,5120,495,75,Sea Weasel Pokémon,55,85,Floatzel,50,419,85,50,115,water,,4,0
['Chlorophyll'],21,35,5120,275,190,Cherry Pokémon,45,45,Cherubi,50,420,62,53,35,grass,,4,0
['Flower Gift'],21,60,5120,450,75,Blossom Pokémon,70,70,Cherrim,50,421,87,78,85,grass,,4,0
"['Sticky Hold', 'Storm Drain', 'Sand Force']",18,48,5120,325,190,Sea Slug Pokémon,48,76,Shellos,50,422,57,62,34,water,,4,0
"['Sticky Hold', 'Storm Drain', 'Sand Force']",18,83,5120,475,75,Sea Slug Pokémon,68,111,Gastrodon,50,423,92,82,39,water,ground,4,0
"['Technician', 'Pickup', 'Skill Link']",18,100,5120,482,45,Long Tail Pokémon,66,75,Ambipom,50,424,60,66,115,normal,,4,0
"['Aftermath', 'Unburden', 'Flare Boost']","18,25",50,7680,348,125,Balloon Pokémon,34,90,Drifloon,50,425,60,44,70,ghost,flying,4,0
"['Aftermath', 'Unburden', 'Flare Boost']","18,25",80,7680,498,60,Blimp Pokémon,44,150,Drifblim,50,426,90,54,80,ghost,flying,4,0
"['Run Away', 'Klutz', 'Limber']",18,66,5120,350,190,Rabbit Pokémon,44,55,Buneary,50,427,44,56,85,normal,,4,0
"['Cute Charm', 'Klutz', 'Limber']",18,136,5120,580,60,Rabbit Pokémon,94,65,Lopunny,50,428,54,96,135,normal,,4,0
['Levitate'],17,60,6400,495,45,Magical Pokémon,60,60,Mismagius,50,429,105,105,105,ghost,,4,0
"['Insomnia', 'Super Luck', 'Moxie']","18,5",125,5120,505,30,Big Boss Pokémon,52,100,Honchkrow,50,430,105,52,71,dark,flying,4,0
"['Limber', 'Own Tempo', 'Keen Eye']",18,55,5120,310,190,Catty Pokémon,42,49,Glameow,"24,6",431,42,37,85,normal,,4,0
"['Thick Fat', 'Own Tempo', 'Defiant']",18,82,5120,452,75,Tiger Cat Pokémon,64,71,Purugly,"24,6",432,64,59,112,normal,,4,0
['Levitate'],20,30,6400,285,120,Bell Pokémon,50,45,Chingling,50,433,65,50,45,psychic,,4,0
"['Stench', 'Aftermath', 'Keen Eye']",16,63,5120,329,225,Skunk Pokémon,47,63,Stunky,50,434,41,41,74,poison,dark,4,0
"['Stench', 'Aftermath', 'Keen Eye']",16,93,5120,479,60,Skunk Pokémon,67,103,Skuntank,50,435,71,61,84,poison,dark,4,0
"['Levitate', 'Heatproof', 'Heavy Metal']","16,25",24,5120,300,255,Bronze Pokémon,86,57,Bronzor,,436,24,86,23,steel,psychic,4,0
"['Levitate', 'Heatproof', 'Heavy Metal']","16,25",89,5120,500,90,Bronze Bell Pokémon,116,67,Bronzong,,437,79,116,33,steel,psychic,4,0
"['Sturdy', 'Rock Head', 'Rattled']",21,80,5120,290,255,Bonsai Pokémon,95,50,Bonsly,50,438,10,45,10,rock,,4,0
"['Soundproof', 'Filter', 'Technician']","18,75",25,6400,310,145,Mime Pokémon,45,20,"Mime Jr,",50,439,70,90,60,psychic,fairy,4,0
"['Natural Cure', 'Serene Grace', 'Friend Guard']",18,5,10240,220,130,Playhouse Pokémon,5,100,Happiny,0,440,15,65,30,normal,,4,0
"['Keen Eye', 'Tangled Feet', 'Big Pecks']",18,65,5120,411,30,Music Note Pokémon,45,76,Chatot,50,441,92,42,91,normal,flying,4,0
"['Pressure', 'Infiltrator']","15,5",92,7680,485,100,Forbidden Pokémon,108,50,Spiritomb,50,442,92,108,35,ghost,dark,4,0
"['Sand Veil', 'Rough Skin']","20,5",70,10240,300,45,Land Shark Pokémon,45,58,Gible,50,443,40,45,42,dragon,ground,4,0
"['Sand Veil', 'Rough Skin']","20,5",90,10240,410,45,Cave Pokémon,65,68,Gabite,50,444,50,55,82,dragon,ground,4,0
"['Sand Veil', 'Rough Skin']","20,5",170,10240,700,45,Mach Pokémon,115,108,Garchomp,50,445,120,95,92,dragon,ground,4,0
"['Pickup', 'Thick Fat', 'Gluttony']",18,85,10240,390,50,Big Eater Pokémon,40,135,Munchlax,"88,1",446,40,85,5,normal,,4,0
"['Steadfast', 'Inner Focus', 'Prankster']","19,5",70,6400,285,75,Emanation Pokémon,40,40,Riolu,"88,1",447,35,40,60,fighting,,4,0
"['Steadfast', 'Inner Focus', 'Justified']","15,5",145,6400,625,45,Aura Pokémon,88,70,Lucario,"88,1",448,140,70,112,fighting,steel,4,0
"['Sand Stream', 'Sand Force']",19,72,7680,330,140,Hippo Pokémon,78,68,Hippopotas,50,449,38,42,32,ground,,4,0
"['Sand Stream', 'Sand Force']",19,112,7680,525,60,Heavyweight Pokémon,118,108,Hippowdon,50,450,68,72,47,ground,,4,0
"['Battle Armor', 'Sniper', 'Keen Eye']",19,50,5120,330,120,Scorpion Pokémon,90,40,Skorupi,50,451,30,55,65,poison,bug,4,0
"['Battle Armor', 'Sniper', 'Keen Eye']",16,90,5120,500,45,Ogre Scorp Pokémon,110,70,Drapion,50,452,60,75,95,poison,dark,4,0
"['Anticipation', 'Dry Skin', 'Poison Touch']","19,75",61,2560,300,140,Toxic Mouth Pokémon,40,48,Croagunk,50,453,61,40,50,poison,fighting,4,0
"['Anticipation', 'Dry Skin', 'Poison Touch']","19,75",106,5120,490,75,Toxic Mouth Pokémon,65,83,Toxicroak,50,454,86,65,85,poison,fighting,4,0
['Levitate'],21,100,6400,454,200,Bug Catcher Pokémon,72,74,Carnivine,50,455,90,72,46,grass,,4,0
"['Swift Swim', 'Storm Drain', 'Water Veil']",18,49,5120,330,190,Wing Fish Pokémon,56,49,Finneon,50,456,49,61,66,water,,4,0
"['Swift Swim', 'Storm Drain', 'Water Veil']",18,69,5120,460,75,Neon Pokémon,76,69,Lumineon,50,457,69,86,91,water,,4,0
"['Swift Swim', 'Water Absorb', 'Water Veil']","18,5",20,6400,345,25,Kite Pokémon,50,45,Mantyke,50,458,60,120,50,water,flying,4,0
"['Snow Warning', 'Soundproof']",25,62,5120,334,120,Frosted Tree Pokémon,50,60,Snover,50,459,62,60,40,grass,ice,4,0
"['Snow Warning', 'Soundproof']",25,132,5120,594,60,Frosted Tree Pokémon,105,90,Abomasnow,50,460,132,105,30,grass,ice,4,0
"['Pressure', 'Pickpocket']","23,5",120,5120,510,45,Sharp Claw Pokémon,65,70,Weavile,50,461,45,85,125,dark,ice,4,0
"['Magnet Pull', 'Sturdy', 'Analytic']",16,70,5120,535,30,Magnet Area Pokémon,115,70,Magnezone,,462,130,90,60,electric,steel,4,0
"['Own Tempo', 'Oblivious', 'Cloud Nine']",18,85,5120,515,30,Licking Pokémon,95,110,Lickilicky,50,463,80,95,50,normal,,4,0
"['Lightningrod', 'Solid Rock', 'Reckless']","24,25",140,5120,535,30,Drill Pokémon,130,115,Rhyperior,50,464,55,55,40,ground,rock,4,0
"['Chlorophyll', 'Leaf Guard', 'Regenerator']",21,100,5120,535,30,Vine Pokémon,125,100,Tangrowth,50,465,110,50,50,grass,,4,0
"['Motor Drive', 'Vital Spirit']","17,5",123,6400,540,30,Thunderbolt Pokémon,67,75,Electivire,"75,4",466,95,85,95,electric,,4,0
"['Flame Body', 'Vital Spirit']",18,95,6400,540,30,Blast Pokémon,67,75,Magmortar,"75,4",467,125,95,83,fire,,4,0
"['Hustle', 'Serene Grace', 'Super Luck']","18,5",50,2560,545,30,Jubilee Pokémon,95,85,Togekiss,"88,1",468,120,115,80,fairy,flying,4,0
"['Speed Boost', 'Tinted Lens', 'Frisk']",22,76,5120,515,30,Ogre Darner Pokémon,86,86,Yanmega,50,469,116,56,95,bug,flying,4,0
"['Leaf Guard', 'Chlorophyll']",21,110,8960,525,45,Verdant Pokémon,130,65,Leafeon,"88,1",470,60,65,95,grass,,4,0
"['Snow Cloak', 'Ice Body']","21,5",60,8960,525,45,Fresh Snow Pokémon,110,65,Glaceon,"88,1",471,130,95,65,ice,,4,0
"['Hyper Cutter', 'Sand Veil', 'Poison Heal']","18,5",95,5120,510,30,Fang Scorp Pokémon,125,75,Gliscor,50,472,45,75,95,ground,flying,4,0
"['Oblivious', 'Snow Cloak', 'Thick Fat']","21,5",130,5120,530,50,Twin Tusk Pokémon,80,110,Mamoswine,50,473,70,60,80,ice,ground,4,0
"['Adaptability', 'Download', 'Analytic']",18,80,5120,535,30,Virtual Pokémon,70,85,Porygon-Z,,474,135,75,90,normal,,4,0
"['Steadfast', 'Justified']",20,165,5120,618,45,Blade Pokémon,95,68,Gallade,100,475,65,115,110,psychic,fighting,4,0
"['Sturdy', 'Magnet Pull', 'Sand Force']","19,5",55,5120,525,60,Compass Pokémon,145,60,Probopass,50,476,75,150,40,rock,steel,4,0
"['Pressure', 'Frisk']",17,100,6400,525,45,Gripper Pokémon,135,45,Dusknoir,50,477,65,135,45,ghost,,4,0
"['Snow Cloak', 'Cursed Body']","19,5",80,5120,480,75,Snow Land Pokémon,70,70,Froslass,0,478,80,70,110,ice,ghost,4,0
['Levitate'],"16,5",65,5120,520,45,Plasma Pokémon,107,50,Rotom,,479,105,107,86,electric,ghost,4,0
['Levitate'],20,75,20480,580,3,Knowledge Pokémon,130,75,Uxie,,480,75,130,95,psychic,,4,1
['Levitate'],20,105,20480,580,3,Emotion Pokémon,105,80,Mesprit,,481,105,105,80,psychic,,4,1
['Levitate'],20,125,20480,580,3,Willpower Pokémon,70,75,Azelf,,482,125,70,115,psychic,,4,1
"['Pressure', 'Telepathy']","14,25",120,30720,680,3,Temporal Pokémon,120,100,Dialga,,483,150,100,90,steel,dragon,4,1
"['Pressure', 'Telepathy']",18,120,30720,680,3,Spatial Pokémon,100,90,Palkia,,484,150,120,100,water,dragon,4,1
"['Flash Fire', 'Flame Body']","16,25",90,2560,600,3,Lava Dome Pokémon,106,91,Heatran,50,485,130,106,77,fire,steel,4,1
['Slow Start'],18,160,30720,670,3,Colossal Pokémon,110,110,Regigigas,,486,80,110,100,normal,,4,1
"['Pressure', 'Telepathy', 'Levitate']",18,120,30720,680,3,Renegade Pokémon,100,150,Giratina,,487,120,100,90,ghost,dragon,4,1
['Levitate'],20,70,30720,600,3,Lunar Pokémon,120,120,Cresselia,0,488,75,130,85,psychic,,4,1
['Hydration'],18,80,10240,480,30,Sea Drifter Pokémon,80,80,Phione,,489,80,80,80,water,,4,0
['Hydration'],18,100,2560,600,3,Seafaring Pokémon,100,100,Manaphy,,490,100,100,100,water,,4,1
['Bad Dreams'],19,90,30720,600,3,Pitch-Black Pokémon,90,70,Darkrai,,491,135,90,125,dark,,4,1
"['Natural Cure', 'Serene Grace']",21,103,30720,600,45,Gratitude Pokémon,75,100,Shaymin,,492,120,75,127,grass,grass,4,1
['Multitype'],18,120,30720,720,3,Alpha Pokémon,120,120,Arceus,,493,120,120,120,normal,,4,1
['Victory Star'],"19,5",100,30720,600,3,Victory Pokémon,100,100,Victini,,494,100,100,100,psychic,fire,5,1
"['Overgrow', 'Contrary']",21,45,5120,308,45,Grass Snake Pokémon,55,45,Snivy,"88,1",495,45,55,63,grass,,5,0
"['Overgrow', 'Contrary']",21,60,5120,413,45,Grass Snake Pokémon,75,60,Servine,"88,1",496,60,75,83,grass,,5,0
"['Overgrow', 'Contrary']",21,75,5120,528,45,Regal Pokémon,95,75,Serperior,"88,1",497,75,95,113,grass,,5,0
"['Blaze', 'Thick Fat']",18,63,5120,308,45,Fire Pig Pokémon,45,65,Tepig,"88,1",498,45,45,45,fire,,5,0
"['Blaze', 'Thick Fat']","18,75",93,5120,418,45,Fire Pig Pokémon,55,90,Pignite,"88,1",499,70,55,55,fire,fighting,5,0
"['Blaze', 'Reckless']","18,75",123,5120,528,45,Mega Fire Pig Pokémon,65,110,Emboar,"88,1",500,100,65,65,fire,fighting,5,0
"['Torrent', 'Shell Armor']",18,55,5120,308,45,Sea Otter Pokémon,45,55,Oshawott,"88,1",501,63,45,45,water,,5,0
"['Torrent', 'Shell Armor']",18,75,5120,413,45,Discipline Pokémon,60,75,Dewott,"88,1",502,83,60,60,water,,5,0
"['Torrent', 'Shell Armor']",18,100,5120,528,45,Formidable Pokémon,85,95,Samurott,"88,1",503,108,70,70,water,,5,0
"['Run Away', 'Keen Eye', 'Analytic']",18,55,3840,255,255,Scout Pokémon,39,45,Patrat,50,504,35,39,42,normal,,5,0
"['Illuminate', 'Keen Eye', 'Analytic']",18,85,5120,420,255,Lookout Pokémon,69,60,Watchog,50,505,60,69,77,normal,,5,0
"['Vital Spirit', 'Pickup', 'Run Away']",18,60,3840,275,255,Puppy Pokémon,45,45,Lillipup,50,506,25,45,55,normal,,5,0
"['Intimidate', 'Sand Rush', 'Scrappy']",18,80,3840,370,120,Loyal Dog Pokémon,65,65,Herdier,50,507,35,65,60,normal,,5,0
"['Intimidate', 'Sand Rush', 'Scrappy']",18,110,3840,500,45,Big-Hearted Pokémon,90,85,Stoutland,50,508,45,90,80,normal,,5,0
"['Limber', 'Unburden', 'Prankster']",19,50,5120,281,255,Devious Pokémon,37,41,Purrloin,50,509,50,37,66,dark,,5,0
"['Limber', 'Unburden', 'Prankster']",19,88,5120,446,90,Cruel Pokémon,50,64,Liepard,50,510,88,50,106,dark,,5,0
"['Gluttony', 'Overgrow']",21,53,5120,316,190,Grass Monkey Pokémon,48,50,Pansage,"88,1",511,53,48,64,grass,,5,0
"['Gluttony', 'Overgrow']",21,98,5120,498,75,Thorn Monkey Pokémon,63,75,Simisage,"88,1",512,98,63,101,grass,,5,0
"['Gluttony', 'Blaze']",18,53,5120,316,190,High Temp Pokémon,48,50,Pansear,"88,1",513,53,48,64,fire,,5,0
"['Gluttony', 'Blaze']",18,98,5120,498,75,Ember Pokémon,63,75,Simisear,"88,1",514,98,63,101,fire,,5,0
"['Gluttony', 'Torrent']",18,53,5120,316,190,Spray Pokémon,48,50,Panpour,"88,1",515,53,48,64,water,,5,0
"['Gluttony', 'Torrent']",18,98,5120,498,75,Geyser Pokémon,63,75,Simipour,"88,1",516,98,63,101,water,,5,0
"['Forewarn', 'Synchronize', 'Telepathy']",20,25,2560,292,190,Dream Eater Pokémon,45,76,Munna,50,517,67,55,24,psychic,,5,0
"['Forewarn', 'Synchronize', 'Telepathy']",20,55,2560,487,75,Drowsing Pokémon,85,116,Musharna,50,518,107,95,29,psychic,,5,0
"['Big Pecks', 'Super Luck', 'Rivalry']",18,55,3840,264,255,Tiny Pigeon Pokémon,50,50,Pidove,50,519,36,30,43,normal,flying,5,0
"['Big Pecks', 'Super Luck', 'Rivalry']",18,77,3840,358,120,Wild Pigeon Pokémon,62,62,Tranquill,50,520,50,42,65,normal,flying,5,0
"['Big Pecks', 'Super Luck', 'Rivalry']",18,115,3840,488,45,Proud Pokémon,80,80,Unfezant,50,521,65,55,93,normal,flying,5,0
"['Lightningrod', 'Motor Drive', 'Sap Sipper']","17,5",60,5120,295,190,Electrified Pokémon,32,45,Blitzle,50,522,50,32,76,electric,,5,0
"['Lightningrod', 'Motor Drive', 'Sap Sipper']","17,5",100,5120,497,75,Thunderbolt Pokémon,63,75,Zebstrika,50,523,80,63,116,electric,,5,0
"['Sturdy', 'Weak Armor', 'Sand Force']",21,75,3840,280,255,Mantle Pokémon,85,55,Roggenrola,50,524,25,25,15,rock,,5,0
"['Sturdy', 'Weak Armor', 'Sand Force']",21,105,3840,390,120,Ore Pokémon,105,70,Boldore,50,525,50,40,20,rock,,5,0
"['Sturdy', 'Sand Stream', 'Sand Force']",21,135,3840,515,45,Compressed Pokémon,130,85,Gigalith,50,526,60,80,25,rock,,5,0
"['Unaware', 'Klutz', 'Simple']","20,25",45,3840,323,190,Bat Pokémon,43,65,Woobat,50,527,55,43,72,psychic,flying,5,0
"['Unaware', 'Klutz', 'Simple']","20,25",57,3840,425,45,Courting Pokémon,55,67,Swoobat,50,528,77,55,114,psychic,flying,5,0
"['Sand Rush', 'Sand Force', 'Mold Breaker']",19,85,5120,328,120,Mole Pokémon,40,60,Drilbur,50,529,30,45,68,ground,,5,0
"['Sand Rush', 'Sand Force', 'Mold Breaker']","15,75",135,5120,508,60,Subterrene Pokémon,60,110,Excadrill,50,530,50,65,88,ground,steel,5,0
"['Healer', 'Regenerator', 'Klutz']",18,60,5120,545,255,Hearing Pokémon,126,103,Audino,50,531,80,126,50,normal,,5,0
"['Guts', 'Sheer Force', 'Iron Fist']","19,5",80,5120,305,180,Muscular Pokémon,55,75,Timburr,"75,4",532,25,35,35,fighting,,5,0
"['Guts', 'Sheer Force', 'Iron Fist']","19,5",105,5120,405,90,Muscular Pokémon,85,85,Gurdurr,"75,4",533,40,50,40,fighting,,5,0
"['Guts', 'Sheer Force', 'Iron Fist']","19,5",140,5120,505,45,Muscular Pokémon,95,105,Conkeldurr,"75,4",534,55,65,45,fighting,,5,0
"['Swift Swim', 'Hydration', 'Water Absorb']",18,50,5120,294,255,Tadpole Pokémon,40,50,Tympole,50,535,50,40,64,water,,5,0
"['Swift Swim', 'Hydration', 'Water Absorb']",18,65,5120,384,120,Vibration Pokémon,55,75,Palpitoad,50,536,65,55,69,water,ground,5,0
"['Swift Swim', 'Poison Touch', 'Water Absorb']",18,95,5120,509,45,Vibration Pokémon,75,105,Seismitoad,50,537,85,75,74,water,ground,5,0
"['Guts', 'Inner Focus', 'Mold Breaker']","19,5",100,5120,465,45,Judo Pokémon,85,120,Throh,100,538,30,85,45,fighting,,5,0
"['Sturdy', 'Inner Focus', 'Mold Breaker']","19,5",125,5120,465,45,Karate Pokémon,75,75,Sawk,100,539,30,75,85,fighting,,5,0
"['Swarm', 'Chlorophyll', 'Overcoat']",25,53,3840,310,255,Sewing Pokémon,70,45,Sewaddle,50,540,40,60,42,bug,grass,5,0
"['Leaf Guard', 'Chlorophyll', 'Overcoat']",25,63,3840,380,120,Leaf-Wrapped Pokémon,90,55,Swadloon,50,541,50,80,42,bug,grass,5,0
"['Swarm', 'Chlorophyll', 'Overcoat']",25,103,3840,500,45,Nurturing Pokémon,80,75,Leavanny,50,542,70,80,92,bug,grass,5,0
"['Poison Point', 'Swarm', 'Speed Boost']",19,45,3840,260,255,Centipede Pokémon,59,30,Venipede,50,543,30,39,57,bug,poison,5,0
"['Poison Point', 'Swarm', 'Speed Boost']",19,55,3840,360,120,Curlipede Pokémon,99,40,Whirlipede,50,544,40,79,47,bug,poison,5,0
"['Poison Point', 'Swarm', 'Speed Boost']",19,100,5120,485,45,Megapede Pokémon,89,60,Scolipede,50,545,55,69,112,bug,poison,5,0
"['Prankster', 'Infiltrator', 'Chlorophyll']",21,27,5120,280,190,Cotton Puff Pokémon,60,40,Cottonee,50,546,37,50,66,grass,fairy,5,0
"['Prankster', 'Infiltrator', 'Chlorophyll']",21,67,5120,480,75,Windveiled Pokémon,85,60,Whimsicott,50,547,77,75,116,grass,fairy,5,0
"['Chlorophyll', 'Own Tempo', 'Leaf Guard']",21,35,5120,280,190,Bulb Pokémon,50,45,Petilil,0,548,70,50,30,grass,,5,0
"['Chlorophyll', 'Own Tempo', 'Leaf Guard']",21,60,5120,480,75,Flowering Pokémon,75,70,Lilligant,0,549,110,75,90,grass,,5,0
"['Reckless', 'Rock Head', 'Adaptability', 'Mold Breaker']",18,92,10240,460,25,Hostile Pokémon,65,70,Basculin,50,550,80,55,98,water,,5,0
"['Intimidate', 'Moxie', 'Anger Point']",20,72,5120,292,180,Desert Croc Pokémon,35,50,Sandile,50,551,35,35,65,ground,dark,5,0
"['Intimidate', 'Moxie', 'Anger Point']",20,82,5120,351,90,Desert Croc Pokémon,45,60,Krokorok,50,552,45,45,74,ground,dark,5,0
"['Intimidate', 'Moxie', 'Anger Point']",20,117,5120,519,45,Intimidation Pokémon,80,95,Krookodile,50,553,65,70,92,ground,dark,5,0
"['Hustle', 'Inner Focus']",18,90,5120,315,120,Zen Charm Pokémon,45,70,Darumaka,50,554,15,45,50,fire,,5,0
"['Sheer Force', 'Zen Mode']",18,30,5120,540,60,Blazing Pokémon,105,105,Darmanitan,50,555,140,105,55,fire,fire,5,0
"['Water Absorb', 'Chlorophyll', 'Storm Drain']",21,86,5120,461,255,Cactus Pokémon,67,75,Maractus,50,556,106,67,60,grass,,5,0
"['Sturdy', 'Shell Armor', 'Weak Armor']",20,65,5120,325,190,Rock Inn Pokémon,85,50,Dwebble,50,557,35,35,55,bug,rock,5,0
"['Sturdy', 'Shell Armor', 'Weak Armor']",20,105,5120,485,75,Stone Home Pokémon,125,70,Crustle,50,558,65,75,45,bug,rock,5,0
"['Shed Skin', 'Moxie', 'Intimidate']","20,25",75,3840,348,180,Shedding Pokémon,70,50,Scraggy,50,559,35,70,48,dark,fighting,5,0
"['Shed Skin', 'Moxie', 'Intimidate']","20,25",90,3840,488,90,Hoodlum Pokémon,115,65,Scrafty,50,560,45,115,58,dark,fighting,5,0
"['Wonder Skin ', 'Magic Guard', 'Tinted Lens']","20,25",58,5120,490,45,Avianoid Pokémon,80,72,Sigilyph,50,561,103,80,97,psychic,flying,5,0
['Mummy'],17,30,6400,303,190,Spirit Pokémon,85,38,Yamask,50,562,55,65,30,ghost,,5,0
['Mummy'],17,50,6400,483,90,Coffin Pokémon,145,58,Cofagrigus,50,563,95,105,30,ghost,,5,0
"['Solid Rock', 'Sturdy', 'Swift Swim']","21,25",78,7680,355,45,Prototurtle Pokémon,103,54,Tirtouga,"88,1",564,53,45,22,water,rock,5,0
"['Solid Rock', 'Sturdy', 'Swift Swim']","21,25",108,7680,495,45,Prototurtle Pokémon,133,74,Carracosta,"88,1",565,83,65,32,water,rock,5,0
['Defeatist'],"19,5",112,7680,401,45,First Bird Pokémon,45,55,Archen,"88,1",566,74,45,70,rock,flying,5,0
['Defeatist'],"19,5",140,7680,567,45,First Bird Pokémon,65,75,Archeops,"88,1",567,112,65,110,rock,flying,5,0
"['Stench', 'Sticky Hold', 'Aftermath']","17,5",50,5120,329,190,Trash Bag Pokémon,62,50,Trubbish,50,568,40,62,65,poison,,5,0
"['Stench', 'Weak Armor', 'Aftermath']","17,5",95,5120,474,60,Trash Heap Pokémon,82,80,Garbodor,50,569,60,82,75,poison,,5,0
['Illusion'],19,65,6400,330,75,Tricky Fox Pokémon,40,40,Zorua,"88,1",570,80,40,65,dark,,5,0
['Illusion'],19,105,5120,510,45,Illusion Fox Pokémon,60,60,Zoroark,"88,1",571,120,60,105,dark,,5,0
"['Cute Charm', 'Technician', 'Skill Link']",18,50,3840,300,255,Chinchilla Pokémon,40,55,Minccino,"24,6",572,40,40,75,normal,,5,0
"['Cute Charm', 'Technician', 'Skill Link']",18,95,3840,470,60,Scarf Pokémon,60,75,Cinccino,"24,6",573,65,60,115,normal,,5,0
"['Frisk', 'Competitive', 'Shadow Tag']",20,30,5120,290,200,Fixation Pokémon,50,45,Gothita,"24,6",574,55,65,45,psychic,,5,0
"['Frisk', 'Competitive', 'Shadow Tag']",20,45,5120,390,100,Manipulate Pokémon,70,60,Gothorita,"24,6",575,75,85,55,psychic,,5,0
"['Frisk', 'Competitive', 'Shadow Tag']",20,55,5120,490,50,Astral Body Pokémon,95,70,Gothitelle,"24,6",576,95,110,65,psychic,,5,0
"['Overcoat', 'Magic Guard', 'Regenerator']",20,30,5120,290,200,Cell Pokémon,40,45,Solosis,50,577,105,50,20,psychic,,5,0
"['Overcoat', 'Magic Guard', 'Regenerator']",20,40,5120,370,100,Mitosis Pokémon,50,65,Duosion,50,578,125,60,30,psychic,,5,0
"['Overcoat', 'Magic Guard', 'Regenerator']",20,65,5120,490,50,Multiplying Pokémon,75,110,Reuniclus,50,579,125,85,30,psychic,,5,0
"['Keen Eye', 'Big Pecks', 'Hydration']","18,5",44,5120,305,190,Water Bird Pokémon,50,62,Ducklett,50,580,44,50,55,water,flying,5,0
"['Keen Eye', 'Big Pecks', 'Hydration']","18,5",87,5120,473,45,White Bird Pokémon,63,75,Swanna,50,581,87,63,98,water,flying,5,0
"['Ice Body', 'Snow Cloak', 'Weak Armor']","21,5",50,5120,305,255,Fresh Snow Pokémon,50,36,Vanillite,50,582,65,60,44,ice,,5,0
"['Ice Body', 'Snow Cloak', 'Weak Armor']","21,5",65,5120,395,120,Icy Snow Pokémon,65,51,Vanillish,50,583,80,75,59,ice,,5,0
"['Ice Body', 'Snow Warning', 'Weak Armor']","21,5",95,5120,535,45,Snowstorm Pokémon,85,71,Vanilluxe,50,584,110,95,79,ice,,5,0
"['Chlorophyll', 'Sap Sipper', 'Serene Grace']",21,60,5120,335,190,Season Pokémon,50,60,Deerling,50,585,40,50,75,normal,grass,5,0
"['Chlorophyll', 'Sap Sipper', 'Serene Grace']",21,100,5120,475,75,Season Pokémon,70,80,Sawsbuck,50,586,60,70,95,normal,grass,5,0
"['Static', 'Motor Drive']","16,5",75,5120,428,200,Sky Squirrel Pokémon,60,55,Emolga,50,587,75,60,103,electric,flying,5,0
"['Swarm', 'Shed Skin', 'No Guard']","19,5",75,3840,315,200,Clamping Pokémon,45,50,Karrablast,50,588,40,45,60,bug,,5,0
"['Swarm', 'Shell Armor', 'Overcoat']","15,75",135,3840,495,75,Cavalry Pokémon,105,70,Escavalier,50,589,60,105,20,bug,steel,5,0
"['Effect Spore', 'Regenerator']","19,25",55,5120,294,190,Mushroom Pokémon,45,69,Foongus,50,590,55,55,15,grass,poison,5,0
"['Effect Spore', 'Regenerator']","19,25",85,5120,464,75,Mushroom Pokémon,70,114,Amoonguss,50,591,85,80,30,grass,poison,5,0
"['Water Absorb', 'Cursed Body', 'Damp']",17,40,5120,335,190,Floating Pokémon,50,55,Frillish,50,592,65,85,40,water,ghost,5,0
"['Water Absorb', 'Cursed Body', 'Damp']",17,60,5120,480,60,Floating Pokémon,70,100,Jellicent,50,593,85,105,60,water,ghost,5,0
"['Healer', 'Hydration', 'Regenerator']",18,75,10240,470,75,Caring Pokémon,80,165,Alomomola,50,594,40,45,65,water,,5,0
"['Compoundeyes', 'Unnerve', 'Swarm']",18,47,5120,319,190,Attaching Pokémon,50,50,Joltik,50,595,57,50,65,bug,electric,5,0
"['Compoundeyes', 'Unnerve', 'Swarm']",18,77,5120,472,75,EleSpider Pokémon,60,70,Galvantula,50,596,97,60,108,bug,electric,5,0
['Iron Barbs'],"16,25",50,5120,305,255,Thorn Seed Pokémon,91,44,Ferroseed,50,597,24,86,10,grass,steel,5,0
"['Iron Barbs', 'Anticipation']","16,25",94,5120,489,90,Thorn Pod Pokémon,131,74,Ferrothorn,50,598,54,116,20,grass,steel,5,0
"['Plus', 'Minus', 'Clear Body']",15,55,5120,300,130,Gear Pokémon,70,40,Klink,,599,45,60,30,steel,,5,0
"['Plus', 'Minus', 'Clear Body']",15,80,5120,440,60,Gear Pokémon,95,60,Klang,,600,70,85,50,steel,,5,0
"['Plus', 'Minus', 'Clear Body']",15,100,5120,520,30,Gear Pokémon,115,60,Klinklang,,601,70,85,90,steel,,5,0
['Levitate'],"17,5",55,5120,275,190,EleFish Pokémon,40,35,Tynamo,50,602,45,40,60,electric,,5,0
['Levitate'],"17,5",85,5120,405,60,EleFish Pokémon,70,65,Eelektrik,50,603,75,70,40,electric,,5,0
['Levitate'],"17,5",115,5120,515,30,EleFish Pokémon,80,85,Eelektross,50,604,105,80,50,electric,,5,0
"['Telepathy', 'Synchronize', 'Analytic']",20,55,5120,335,255,Cerebral Pokémon,55,55,Elgyem,50,605,85,55,30,psychic,,5,0
"['Telepathy', 'Synchronize', 'Analytic']",20,75,5120,485,90,Cerebral Pokémon,75,75,Beheeyem,50,606,125,95,40,psychic,,5,0
"['Flash Fire', 'Flame Body', 'Infiltrator']","17,25",30,5120,275,190,Candle Pokémon,55,50,Litwick,50,607,65,55,20,ghost,fire,5,0
"['Flash Fire', 'Flame Body', 'Infiltrator']","17,25",40,5120,370,90,Lamp Pokémon,60,60,Lampent,50,608,95,60,55,ghost,fire,5,0
"['Flash Fire', 'Flame Body', 'Infiltrator']","17,25",55,5120,520,45,Luring Pokémon,90,60,Chandelure,50,609,145,90,80,ghost,fire,5,0
"['Rivalry', 'Mold Breaker', 'Unnerve']",19,87,10240,320,75,Tusk Pokémon,60,46,Axew,50,610,30,40,57,dragon,,5,0
"['Rivalry', 'Mold Breaker', 'Unnerve']",19,117,10240,410,60,Axe Jaw Pokémon,70,66,Fraxure,50,611,40,50,67,dragon,,5,0
"['Rivalry', 'Mold Breaker', 'Unnerve']",19,147,10240,540,45,Axe Jaw Pokémon,90,76,Haxorus,50,612,60,70,97,dragon,,5,0
"['Snow Cloak', 'Slush Rush', 'Rattled']","21,5",70,5120,305,120,Chill Pokémon,40,55,Cubchoo,50,613,60,40,40,ice,,5,0
"['Snow Cloak', 'Slush Rush', 'Swift Swim']","21,5",130,5120,505,60,Freezing Pokémon,80,95,Beartic,50,614,70,80,50,ice,,5,0
['Levitate'],"21,5",50,6400,515,25,Crystallizing Pokémon,50,80,Cryogonal,,615,95,135,105,ice,,5,0
"['Hydration', 'Shell Armor', 'Overcoat']","19,5",40,3840,305,200,Snail Pokémon,85,50,Shelmet,50,616,40,65,25,bug,,5,0
"['Hydration', 'Sticky Hold', 'Unburden']","19,5",70,3840,495,75,Shell Out Pokémon,40,80,Accelgor,50,617,100,60,145,bug,,5,0
"['Static', 'Limber', 'Sand Veil']",19,66,5120,471,75,Trap Pokémon,84,109,Stunfisk,50,618,81,99,32,ground,electric,5,0
"['Inner Focus', 'Regenerator', 'Reckless']","19,5",85,6400,350,180,Martial Arts Pokémon,50,45,Mienfoo,50,619,55,50,65,fighting,,5,0
"['Inner Focus', 'Regenerator', 'Reckless']","19,5",125,6400,510,45,Martial Arts Pokémon,60,65,Mienshao,50,620,95,60,105,fighting,,5,0
"['Rough Skin', 'Sheer Force', 'Mold Breaker']",19,120,7680,485,45,Cave Pokémon,90,77,Druddigon,50,621,60,90,48,dragon,,5,0
"['Iron Fist', 'Klutz', 'No Guard']","18,25",74,6400,303,190,Automaton Pokémon,50,59,Golett,,622,35,50,35,ground,ghost,5,0
"['Iron Fist', 'Klutz', 'No Guard']","18,25",124,6400,483,90,Automaton Pokémon,80,89,Golurk,,623,55,80,55,ground,ghost,5,0
"['Defiant', 'Inner Focus', 'Pressure']","16,5",85,5120,340,120,Sharp Blade Pokémon,70,45,Pawniard,50,624,40,40,60,dark,steel,5,0
"['Defiant', 'Inner Focus', 'Pressure']","16,5",125,5120,490,45,Sword Blade Pokémon,100,65,Bisharp,50,625,60,70,70,dark,steel,5,0
"['Reckless', 'Sap Sipper', 'Soundproof']",18,110,5120,490,45,Bash Buffalo Pokémon,95,95,Bouffalant,50,626,40,95,55,normal,,5,0
"['Keen Eye', 'Sheer Force', 'Hustle']",18,83,5120,350,190,Eaglet Pokémon,50,70,Rufflet,100,627,37,50,60,normal,flying,5,0
"['Keen Eye', 'Sheer Force', 'Defiant']",18,123,5120,510,60,Valiant Pokémon,75,100,Braviary,100,628,57,75,80,normal,flying,5,0
"['Big Pecks', 'Overcoat', 'Weak Armor']","18,5",55,5120,370,190,Diapered Pokémon,75,70,Vullaby,0,629,45,65,60,dark,flying,5,0
"['Big Pecks', 'Overcoat', 'Weak Armor']","18,5",65,5120,510,60,Bone Vulture Pokémon,105,110,Mandibuzz,0,630,55,95,80,dark,flying,5,0
"['Gluttony', 'Flash Fire', 'White Smoke']",18,97,5120,484,90,Anteater Pokémon,66,85,Heatmor,50,631,105,66,65,fire,,5,0
"['Swarm', 'Hustle', 'Truant']","15,75",109,5120,484,90,Iron Ant Pokémon,112,58,Durant,50,632,48,48,109,bug,steel,5,0
['Hustle'],21,65,10240,300,45,Irate Pokémon,50,52,Deino,50,633,45,50,38,dark,dragon,5,0
['Hustle'],21,85,10240,420,45,Hostile Pokémon,70,72,Zweilous,50,634,65,70,58,dark,dragon,5,0
['Levitate'],21,105,10240,600,45,Brutal Pokémon,90,92,Hydreigon,50,635,125,90,98,dark,dragon,5,0
"['Flame Body', 'Swarm']","19,75",85,10240,360,45,Torch Pokémon,55,55,Larvesta,50,636,50,55,60,bug,fire,5,0
"['Flame Body', 'Swarm']","19,75",60,10240,550,15,Sun Pokémon,65,85,Volcarona,50,637,135,105,100,bug,fire,5,0
['Justified'],"15,5",90,20480,580,3,Iron Will Pokémon,129,91,Cobalion,,638,90,72,108,steel,fighting,5,1
['Justified'],22,129,20480,580,3,Cavern Pokémon,90,91,Terrakion,,639,72,90,108,rock,fighting,5,1
['Justified'],23,90,20480,580,3,Grassland Pokémon,72,91,Virizion,,640,90,129,108,grass,fighting,5,1
"['Prankster', 'Defiant', 'Regenerator']","18,5",100,30720,580,3,Cyclone Pokémon,80,79,Tornadus,100,641,110,90,121,flying,,5,1
"['Prankster', 'Defiant', 'Volt Absorb']","16,5",105,30720,580,3,Bolt Strike Pokémon,70,79,Thundurus,100,642,145,80,101,electric,flying,5,1
['Turboblaze'],18,120,30720,680,3,Vast White Pokémon,100,100,Reshiram,,643,150,120,90,dragon,fire,5,1
['Teravolt'],"18,75",150,30720,680,3,Deep Black Pokémon,120,100,Zekrom,,644,120,100,90,dragon,electric,5,1
"['Sand Force', 'Sheer Force', 'Intimidate']","18,5",145,30720,600,3,Abundance Pokémon,90,89,Landorus,100,645,105,80,91,ground,flying,5,1
"['Pressure', 'Teravolt', 'Turboblaze']","21,5",120,30720,700,3,Boundary Pokémon,90,125,Kyurem,,646,170,100,95,dragon,ice,5,1
['Justified'],"19,5",72,20480,580,3,Colt Pokémon,90,91,Keldeo,,647,129,90,108,water,fighting,5,1
['Serene Grace'],"18,5",128,30720,600,3,Melody Pokémon,90,100,Meloetta,,648,77,77,128,normal,psychic,5,1
['Download'],"15,75",120,30720,600,3,Paleozoic Pokémon,95,71,Genesect,,649,120,95,99,bug,steel,5,1
"['Overgrow', 'Bulletproof']",21,61,5120,313,45,Spiky Nut Pokémon,65,56,Chespin,"88,1",650,48,45,38,grass,,6,0
"['Overgrow', 'Bulletproof']",21,78,5120,405,45,Spiny Armor Pokémon,95,61,Quilladin,"88,1",651,56,58,57,grass,,6,0
"['Overgrow', 'Bulletproof']",23,107,5120,530,45,Spiny Armor Pokémon,122,88,Chesnaught,"88,1",652,74,75,64,grass,fighting,6,0
"['Blaze', 'Magician']",18,45,5120,307,45,Fox Pokémon,40,40,Fennekin,"88,1",653,62,60,60,fire,,6,0
"['Blaze', 'Magician']",18,59,5120,409,45,Fox Pokémon,58,59,Braixen,"88,1",654,90,70,73,fire,,6,0
"['Blaze', 'Magician']","19,5",69,5120,534,45,Fox Pokémon,72,75,Delphox,"88,1",655,114,100,104,fire,psychic,6,0
"['Torrent', 'Protean']",18,56,5120,314,45,Bubble Frog Pokémon,40,41,Froakie,"88,1",656,62,44,71,water,,6,0
"['Torrent', 'Protean']",18,63,5120,405,45,Bubble Frog Pokémon,52,54,Frogadier,"88,1",657,83,56,97,water,,6,0
"['Torrent', 'Protean', 'Battle Bond']",19,145,5120,640,45,Ninja Pokémon,67,72,Greninja,"88,1",658,153,71,132,water,dark,6,0
"['Pickup', 'Cheek Pouch', 'Huge Power']",18,36,3840,237,255,Digging Pokémon,38,38,Bunnelby,50,659,32,36,57,normal,,6,0
"['Pickup', 'Cheek Pouch', 'Huge Power']",19,56,3840,423,127,Digging Pokémon,77,85,Diggersby,50,660,50,77,78,normal,ground,6,0
"['Big Pecks', 'Gale Wings']",18,50,3840,278,255,Tiny Robin Pokémon,43,45,Fletchling,50,661,40,38,62,normal,flying,6,0
"['Flame Body', 'Gale Wings']","18,5",73,3840,382,120,Ember Pokémon,55,62,Fletchinder,50,662,56,52,84,fire,flying,6,0
"['Flame Body', 'Gale Wings']","18,5",81,3840,499,45,Scorching Pokémon,71,78,Talonflame,50,663,74,69,126,fire,flying,6,0
"['Shield Dust', 'Compoundeyes', 'Friend Guard']","19,5",35,3840,200,255,Scatterdust Pokémon,40,38,Scatterbug,50,664,27,25,35,bug,,6,0
"['Shed Skin', 'Friend Guard']","19,5",22,3840,213,120,Scatterdust Pokémon,60,45,Spewpa,50,665,27,30,29,bug,,6,0
"['Shield Dust', 'Compoundeyes', 'Friend Guard']",22,52,3840,411,45,Scale Pokémon,50,80,Vivillon,50,666,90,50,89,bug,flying,6,0
"['Rivalry', 'Unnerve', 'Moxie']",18,50,5120,369,220,Lion Cub Pokémon,58,62,Litleo,"11,2",667,73,54,72,fire,normal,6,0
"['Rivalry', 'Unnerve', 'Moxie']",18,68,5120,507,65,Royal Pokémon,72,86,Pyroar,"11,2",668,109,66,106,fire,normal,6,0
"['Flower Veil', 'Symbiosis']","17,5",38,5120,303,225,Single Bloom Pokémon,39,44,Flabébé,0,669,61,79,42,fairy,,6,0
"['Flower Veil', 'Symbiosis']","17,5",65,5120,551,120,Fairy Pokémon,67,74,Floette,0,670,125,128,92,fairy,,6,0
"['Flower Veil', 'Symbiosis']","17,5",65,5120,552,45,Garden Pokémon,68,78,Florges,0,671,112,154,75,fairy,,6,0
"['Sap Sipper', 'Grass Pelt']",21,65,5120,350,200,Mount Pokémon,48,66,Skiddo,50,672,62,57,52,grass,,6,0
"['Sap Sipper', 'Grass Pelt']",21,100,5120,531,45,Mount Pokémon,62,123,Gogoat,50,673,97,81,68,grass,,6,0
"['Iron Fist', 'Mold Breaker', 'Scrappy']","19,5",82,6400,348,220,Playful Pokémon,62,67,Pancham,50,674,46,48,43,fighting,,6,0
"['Iron Fist', 'Mold Breaker', 'Scrappy']","20,25",124,6400,495,65,Daunting Pokémon,78,95,Pangoro,50,675,69,71,58,fighting,dark,6,0
['Fur Coat'],18,80,5120,472,160,Poodle Pokémon,60,75,Furfrou,50,676,65,90,102,normal,,6,0
"['Keen Eye', 'Infiltrator', 'Own Tempo']",20,48,5120,355,190,Restraint Pokémon,54,62,Espurr,50,677,63,60,68,psychic,,6,0
"['Keen Eye', 'Infiltrator', 'Prankster', 'Competitive']",20,48,5120,466,75,Constraint Pokémon,76,74,Meowstic,50,678,83,81,104,psychic,,6,0
['No Guard'],"14,25",80,5120,325,180,Sword Pokémon,100,45,Honedge,50,679,35,37,28,steel,ghost,6,0
['No Guard'],"14,25",110,5120,448,90,Sword Pokémon,150,59,Doublade,50,680,45,49,35,steel,ghost,6,0
['Stance Change'],"14,25",150,5120,520,45,Royal Sword Pokémon,50,60,Aegislash,50,681,150,50,60,steel,ghost,6,0
"['Healer', 'Aroma Veil']","17,5",52,5120,341,200,Perfume Pokémon,60,78,Spritzee,50,682,63,65,23,fairy,,6,0
"['Healer', 'Aroma Veil']","17,5",72,5120,462,140,Fragrance Pokémon,72,101,Aromatisse,50,683,99,89,29,fairy,,6,0
"['Sweet Veil', 'Unburden']","17,5",48,5120,341,200,Cotton Candy Pokémon,66,62,Swirlix,50,684,59,57,49,fairy,,6,0
"['Sweet Veil', 'Unburden']","17,5",80,5120,480,140,Meringue Pokémon,86,82,Slurpuff,50,685,85,75,72,fairy,,6,0
"['Contrary', 'Suction Cups', 'Infiltrator']",21,54,5120,288,190,Revolving Pokémon,53,53,Inkay,50,686,37,46,45,dark,psychic,6,0
"['Contrary', 'Suction Cups', 'Infiltrator']",21,92,5120,482,80,Overturning Pokémon,88,86,Malamar,50,687,68,75,73,dark,psychic,6,0
"['Tough Claws', 'Sniper', 'Pickpocket']","21,25",52,5120,306,120,Two-Handed Pokémon,67,42,Binacle,50,688,39,56,50,rock,water,6,0
"['Tough Claws', 'Sniper', 'Pickpocket']","21,25",105,5120,500,45,Collective Pokémon,115,72,Barbaracle,50,689,54,86,68,rock,water,6,0
"['Poison Point', 'Poison Touch', 'Adaptability']",17,60,5120,320,225,Mock Kelp Pokémon,60,50,Skrelp,50,690,60,60,30,poison,water,6,0
"['Poison Point', 'Poison Touch', 'Adaptability']","18,25",75,5120,494,55,Mock Kelp Pokémon,90,65,Dragalge,50,691,97,123,44,poison,dragon,6,0
['Mega Launcher'],18,53,3840,330,225,Water Gun Pokémon,62,50,Clauncher,50,692,58,63,44,water,,6,0
['Mega Launcher'],18,73,3840,500,55,Howitzer Pokémon,88,71,Clawitzer,50,693,120,89,59,water,,6,0
"['Dry Skin', 'Sand Veil', 'Solar Power']","17,5",38,5120,289,190,Generator Pokémon,33,44,Helioptile,50,694,61,43,70,electric,normal,6,0
"['Dry Skin', 'Sand Veil', 'Solar Power']","17,5",55,5120,481,75,Generator Pokémon,52,62,Heliolisk,50,695,109,94,109,electric,normal,6,0
"['Strong Jaw', 'Sturdy']","21,25",89,7680,362,45,Royal Heir Pokémon,77,58,Tyrunt,"88,1",696,45,45,48,rock,dragon,6,0
"['Strong Jaw', 'Rock Head']","21,25",121,7680,521,45,Despot Pokémon,119,82,Tyrantrum,"88,1",697,69,59,71,rock,dragon,6,0
"['Refrigerate', 'Snow Warning']",26,59,7680,362,45,Tundra Pokémon,50,77,Amaura,"88,1",698,67,63,46,rock,ice,6,0
"['Refrigerate', 'Snow Warning']",26,77,7680,521,45,Tundra Pokémon,72,123,Aurorus,"88,1",699,99,92,58,rock,ice,6,0
"['Cute Charm', 'Pixilate']","17,5",65,8960,525,45,Intertwining Pokémon,65,95,Sylveon,"88,1",700,110,130,60,fairy,,6,0
"['Limber', 'Unburden', 'Mold Breaker']","19,75",92,5120,500,100,Wrestling Pokémon,75,78,Hawlucha,50,701,74,63,118,fighting,flying,6,0
"['Cheek Pouch', 'Pickup', 'Plus']","16,5",58,5120,431,180,Antenna Pokémon,57,67,Dedenne,50,702,81,67,101,electric,fairy,6,0
"['Clear Body', 'Sturdy']","20,5",50,6400,500,60,Jewel Pokémon,150,50,Carbink,,703,50,150,50,rock,fairy,6,0
"['Sap Sipper', 'Hydration', 'Gooey']",19,50,10240,300,45,Soft Tissue Pokémon,35,45,Goomy,50,704,55,75,40,dragon,,6,0
"['Sap Sipper', 'Hydration', 'Gooey']",19,75,10240,452,45,Soft Tissue Pokémon,53,68,Sliggoo,50,705,83,113,60,dragon,,6,0
"['Sap Sipper', 'Hydration', 'Gooey']",19,100,10240,600,45,Dragon Pokémon,70,90,Goodra,50,706,110,150,80,dragon,,6,0
"['Prankster', 'Magician']","13,25",80,5120,470,75,Key Ring Pokémon,91,57,Klefki,50,707,80,87,75,steel,fairy,6,0
"['Natural Cure', 'Frisk', 'Harvest']",19,70,5120,309,120,Stump Pokémon,48,43,Phantump,50,708,50,60,38,ghost,grass,6,0
"['Natural Cure', 'Frisk', 'Harvest']",19,110,5120,474,60,Elder Tree Pokémon,76,85,Trevenant,50,709,65,82,56,ghost,grass,6,0
"['Pickup', 'Frisk', 'Insomnia']",19,66,5120,335,120,Pumpkin Pokémon,70,59,Pumpkaboo,50,710,44,55,41,ghost,grass,6,0
"['Pickup', 'Frisk', 'Insomnia']",19,100,5120,494,60,Pumpkin Pokémon,122,85,Gourgeist,50,711,58,75,54,ghost,grass,6,0
"['Own Tempo', 'Ice Body', 'Sturdy']","21,5",69,5120,304,190,Ice Chunk Pokémon,85,55,Bergmite,50,712,32,35,28,ice,,6,0
"['Own Tempo', 'Ice Body', 'Sturdy']","21,5",117,5120,514,55,Iceberg Pokémon,184,95,Avalugg,50,713,44,46,28,ice,,6,0
"['Frisk', 'Infiltrator', 'Telepathy']","20,25",30,5120,245,190,Sound Wave Pokémon,35,40,Noibat,50,714,45,40,55,flying,dragon,6,0
"['Frisk', 'Infiltrator', 'Telepathy']","20,25",70,5120,535,45,Sound Wave Pokémon,80,85,Noivern,50,715,97,80,123,flying,dragon,6,0
['Fairy Aura'],"17,5",131,30720,680,45,Life Pokémon,95,126,Xerneas,,716,131,98,99,fairy,,6,1
['Dark Aura'],"18,5",131,30720,680,45,Destruction Pokémon,95,126,Yveltal,,717,131,98,99,dark,flying,6,1
"['Aura Break', 'Power Construct']","20,5",100,30720,708,3,Order Pokémon,121,216,Zygarde,,718,91,95,85,dragon,ground,6,1
['Clear Body'],"20,5",160,6400,700,3,Jewel Pokémon,110,50,Diancie,,719,160,110,110,rock,fairy,6,1
['Magician'],21,160,30720,680,3,Mischief Pokémon (Confined)Djinn Pokémonn (Unbound),60,80,Hoopa,,720,170,130,80,psychic,ghost,6,1
['Water Absorb'],"17,75",110,30720,600,3,Steam Pokémon,120,80,Volcanion,,721,130,90,70,fire,water,6,1
"['Overgrow', 'Long Reach']","22,25",55,3840,320,45,Grass Quill Pokémon,55,68,Rowlet,"88,1",722,50,50,42,grass,flying,7,0
"['Overgrow', 'Long Reach']","22,25",75,3840,420,45,Blade Quill Pokémon,75,78,Dartrix,"88,1",723,70,70,52,grass,flying,7,0
"['Overgrow', 'Long Reach']",19,107,3840,530,45,Arrow Quill Pokémon,75,78,Decidueye,"88,1",724,100,100,70,grass,ghost,7,0
"['Blaze', 'Intimidate']",18,65,3840,320,45,Fire Cat Pokémon,40,45,Litten,"88,1",725,60,40,70,fire,,7,0
"['Blaze', 'Intimidate']",18,85,3840,420,45,Fire Cat Pokémon,50,65,Torracat,"88,1",726,80,50,90,fire,,7,0
"['Blaze', 'Intimidate']",18,115,3840,530,45,Heel Pokémon,90,95,Incineroar,"88,1",727,80,90,60,fire,dark,7,0
"['Torrent', 'Liquid Voice']",18,54,3840,320,45,Sea Lion Pokémon,54,50,Popplio,"88,1",728,66,56,40,water,,7,0
"['Torrent', 'Liquid Voice']",18,69,3840,420,45,Pop Star Pokémon,69,60,Brionne,"88,1",729,91,81,50,water,,7,0
"['Torrent', 'Liquid Voice']",17,74,3840,530,45,Soloist Pokémon,74,80,Primarina,"88,1",730,126,116,60,water,fairy,7,0
"['Keen Eye', 'Skill Link', 'Pickup']",18,75,3840,265,255,Woodpecker Pokémon,30,35,Pikipek,50,731,30,30,65,normal,flying,7,0
"['Keen Eye', 'Skill Link', 'Pickup']",18,85,3840,355,120,Bugle Beak Pokémon,50,55,Trumbeak,50,732,40,50,75,normal,flying,7,0
"['Keen Eye', 'Skill Link', 'Sheer Force']",18,120,3840,485,45,Cannon Pokémon,75,80,Toucannon,50,733,75,75,60,normal,flying,7,0
"['Stakeout', 'Strong Jaw', 'Adaptability']",18,70,3840,253,255,Loitering Pokémon,30,48,Yungoos,50,734,30,30,45,normal,,7,0
"['Stakeout', 'Strong Jaw', 'Adaptability']",18,110,3840,418,127,Stakeout Pokémon,60,88,Gumshoos,50,735,55,60,45,normal,,7,0
['Swarm'],"19,5",62,3840,300,255,Larva Pokémon,45,47,Grubbin,50,736,55,45,46,bug,,7,0
['Battery'],18,82,3840,400,120,Battery Pokémon,95,57,Charjabug,50,737,55,75,36,bug,electric,7,0
['Levitate'],18,70,3840,500,45,Stag Beetle Pokémon,90,77,Vikavolt,50,738,145,75,43,bug,electric,7,0
"['Hyper Cutter', 'Iron Fist', 'Anger Point']","19,5",82,5120,338,225,Boxing Pokémon,57,47,Crabrawler,50,739,42,47,63,fighting,,7,0
"['Hyper Cutter', 'Iron Fist', 'Anger Point']","22,5",132,5120,478,60,Woolly Crab Pokémon,77,97,Crabominable,50,740,62,67,43,fighting,ice,7,0
['Dancer'],"18,5",70,5120,476,45,Dancing Pokémon,70,75,Oricorio,"24,6",741,98,70,93,fire,flying,7,0
"['Honey Gather', 'Shield Dust', 'Sweet Veil']","19,25",45,5120,304,190,Bee Fly Pokémon,40,40,Cutiefly,50,742,55,40,84,bug,fairy,7,0
"['Honey Gather', 'Shield Dust', 'Sweet Veil']","19,25",55,5120,464,75,Bee Fly Pokémon,60,60,Ribombee,50,743,95,70,124,bug,fairy,7,0
"['Keen Eye', 'Vital Spirit', 'Steadfast']",21,65,3840,280,190,Puppy Pokémon,40,45,Rockruff,50,744,30,40,60,rock,,7,0
"['Keen Eye', 'Sand Rush', 'Steadfast', 'Keen Eye', 'Vital Spirit', 'No Guard']",21,115,3840,487,90,Wolf Pokémon,75,85,Lycanroc,50,745,55,75,82,rock,,7,0
['Schooling'],18,140,3840,620,60,Small Fry Pokémon,130,45,Wishiwashi,50,746,140,135,30,water,,7,0
"['Merciless', 'Limber', 'Regenerator']",17,53,5120,305,190,Brutal Star Pokémon,62,50,Mareanie,50,747,43,52,45,poison,water,7,0
"['Merciless', 'Limber', 'Regenerator']",17,63,5120,495,75,Brutal Star Pokémon,152,50,Toxapex,50,748,53,142,35,poison,water,7,0
"['Own Tempo', 'Stamina', 'Inner Focus']",19,100,5120,385,190,Donkey Pokémon,70,70,Mudbray,50,749,45,55,45,ground,,7,0
"['Own Tempo', 'Stamina', 'Inner Focus']",19,125,5120,500,60,Draft Horse Pokémon,100,100,Mudsdale,50,750,55,85,35,ground,,7,0
"['Water Bubble', 'Water Absorb']","18,5",40,3840,269,200,Water Bubble Pokémon,52,38,Dewpider,50,751,40,72,27,water,bug,7,0
"['Water Bubble', 'Water Absorb']","18,5",70,3840,454,100,Water Bubble Pokémon,92,68,Araquanid,50,752,50,132,42,water,bug,7,0
"['Leaf Guard', 'Contrary']",21,55,5120,250,190,Sickle Grass Pokémon,35,40,Fomantis,50,753,50,35,35,grass,,7,0
"['Leaf Guard', 'Contrary']",21,105,5120,480,75,Bloom Sickle Pokémon,90,70,Lurantis,50,754,80,90,45,grass,,7,0
"['Illuminate', 'Effect Spore', 'Rain Dish']",21,35,5120,285,190,Illuminating Pokémon,55,40,Morelull,50,755,65,75,15,grass,fairy,7,0
"['Illuminate', 'Effect Spore', 'Rain Dish']",21,45,5120,405,75,Illuminating Pokémon,80,60,Shiinotic,50,756,90,100,30,grass,fairy,7,0
"['Corrosion', 'Oblivious']","19,25",44,5120,320,120,Toxic Lizard Pokémon,40,48,Salandit,"88,1",757,71,40,77,poison,fire,7,0
"['Corrosion', 'Oblivious']","19,25",64,5120,480,45,Toxic Lizard Pokémon,60,68,Salazzle,0,758,111,60,117,poison,fire,7,0
"['Fluffy', 'Klutz', 'Cute Charm']","19,5",75,3840,340,140,Flailing Pokémon,50,70,Stufful,50,759,45,50,50,normal,fighting,7,0
"['Fluffy', 'Klutz', 'Unnerve']","19,5",125,3840,500,70,Strong Arm Pokémon,80,120,Bewear,50,760,55,60,60,normal,fighting,7,0
"['Leaf Guard', 'Oblivious', 'Sweet Veil']",21,30,5120,210,235,Fruit Pokémon,38,42,Bounsweet,0,761,30,38,32,grass,,7,0
"['Leaf Guard', 'Oblivious', 'Sweet Veil']",21,40,5120,290,120,Fruit Pokémon,48,52,Steenee,0,762,40,48,62,grass,,7,0
"['Leaf Guard', 'Queenly Majesty', 'Sweet Veil']",21,120,5120,510,45,Fruit Pokémon,98,72,Tsareena,0,763,50,98,72,grass,,7,0
"['Flower Veil', 'Triage', 'Natural Cure']","17,5",52,5120,485,60,Posy Picker Pokémon,90,51,Comfey,"24,6",764,82,110,100,fairy,,7,0
"['Inner Focus', 'Telepathy', 'Symbiosis']","18,5",60,5120,490,45,Sage Pokémon,80,90,Oranguru,50,765,90,110,60,normal,psychic,7,0
"['Receiver', 'Defiant']","19,5",120,5120,490,45,Teamwork Pokémon,90,100,Passimian,50,766,40,60,80,fighting,,7,0
['Wimp Out'],"18,5",35,5120,230,90,Turn Tail Pokémon,40,25,Wimpod,50,767,20,30,80,bug,water,7,0
['Emergency Exit'],"18,5",125,5120,530,45,Hard Scale Pokémon,140,75,Golisopod,50,768,60,90,40,bug,water,7,0
"['Water Compaction', 'Sand Veil']","18,25",55,3840,320,140,Sand Heap Pokémon,80,55,Sandygast,50,769,70,45,15,ghost,ground,7,0
"['Water Compaction', 'Sand Veil']","18,25",75,3840,480,60,Sand Castle Pokémon,110,85,Palossand,50,770,100,75,35,ghost,ground,7,0
"['Innards Out', 'Unaware']",18,60,3840,410,60,Sea Cucumber Pokémon,130,55,Pyukumuku,50,771,30,130,5,water,,7,0
['Battle Armor'],18,95,30720,534,3,Synthetic Pokémon,95,95,Type: Null,,772,95,95,59,normal,,7,0
['RKS System'],18,95,30720,570,3,Synthetic Pokémon,95,95,Silvally,,773,95,95,95,normal,,7,0
['Shields Down'],"19,5",100,6400,500,30 (Meteorite)255 (Core),Meteor Pokémon,60,60,Minior,,774,100,60,120,rock,flying,7,0
['Comatose'],18,115,5120,480,45,Drowsing Pokémon,65,65,Komala,50,775,75,95,65,normal,,7,0
['Shell Armor'],18,78,5120,485,70,Blast Turtle Pokémon,135,60,Turtonator,50,776,91,85,36,fire,dragon,7,0
"['Iron Barbs', 'Lightningrod', 'Sturdy']",16,98,2560,435,180,Roly-Poly Pokémon,63,65,Togedemaru,50,777,40,73,96,electric,steel,7,0
['Disguise'],"16,25",90,5120,476,45,Disguise Pokémon,80,55,Mimikyu,50,778,50,105,96,ghost,fairy,7,0
"['Dazzling', 'Strong Jaw', 'Wonder Skin ']",20,105,3840,475,80,Gnash Teeth Pokémon,70,68,Bruxish,50,779,70,70,92,water,psychic,7,0
"['Berserk', 'Sap Sipper', 'Cloud Nine']",19,60,5120,485,70,Placid Pokémon,85,78,Drampa,50,780,135,91,36,normal,dragon,7,0
['Steelworker'],19,131,6400,517,25,Sea Creeper Pokémon,100,70,Dhelmise,,781,86,90,40,ghost,grass,7,0
"['Bulletproof', 'Soundproof', 'Overcoat']",19,55,10240,300,45,Scaly Pokémon,65,45,Jangmo-o,50,782,45,45,45,dragon,,7,0
"['Bulletproof', 'Soundproof', 'Overcoat']","21,5",75,10240,420,45,Scaly Pokémon,90,55,Hakamo-o,50,783,65,70,65,dragon,fighting,7,0
"['Bulletproof', 'Soundproof', 'Overcoat']","21,5",110,10240,600,45,Scaly Pokémon,125,75,Kommo-o,50,784,100,105,85,dragon,fighting,7,0
"['Electric Surge', 'Telepathy']","16,5",115,3840,570,3,Land Spirit Pokémon,85,70,Tapu Koko,,785,95,75,130,electric,fairy,7,1
"['Psychic Surge', 'Telepathy']","18,75",85,3840,570,3,Land Spirit Pokémon,75,70,Tapu Lele,,786,130,115,95,psychic,fairy,7,1
"['Grassy Surge', 'Telepathy']",21,130,3840,570,3,Land Spirit Pokémon,115,70,Tapu Bulu,,787,85,95,75,grass,fairy,7,1
"['Misty Surge', 'Telepathy']",17,75,3840,570,3,Land Spirit Pokémon,115,70,Tapu Fini,,788,95,130,85,water,fairy,7,1
['Unaware'],20,29,30720,200,45,Nebula Pokémon,31,43,Cosmog,,789,29,31,37,psychic,,7,1
['Sturdy'],20,29,30720,400,45,Protostar Pokémon,131,43,Cosmoem,,790,29,131,37,psychic,,7,1
['Full Metal Body'],"16,25",137,30720,680,45,Sunne Pokémon,107,137,Solgaleo,,791,113,89,97,psychic,steel,7,1
['Shadow Shield'],21,113,30720,680,45,Moone Pokémon,89,137,Lunala,,792,137,107,97,psychic,ghost,7,1
['Beast Boost'],"20,75",53,30720,570,45,Parasite Pokémon,47,109,Nihilego,,793,127,131,103,rock,poison,7,1
['Beast Boost'],"21,5",139,30720,570,25,Swollen Pokémon,139,107,Buzzwole,,794,53,53,79,bug,fighting,7,1
['Beast Boost'],"21,5",137,30720,570,255,Lissome Pokémon,37,71,Pheromosa,,795,137,37,151,bug,fighting,7,1
['Beast Boost'],"17,5",89,30720,570,30,Glowing Pokémon,71,83,Xurkitree,,796,173,71,83,electric,,7,1
['Beast Boost'],"13,5",101,30720,570,25,Launch Pokémon,103,97,Celesteela,,797,107,101,61,steel,flying,7,1
['Beast Boost'],"16,25",181,30720,570,255,Drawn Sword Pokémon,131,59,Kartana,,798,59,31,109,grass,steel,7,1
['Beast Boost'],21,101,30720,570,15,Junkivore Pokémon,53,223,Guzzlord,,799,97,53,43,dark,dragon,7,1
['Prism Armor'],20,107,30720,600,3,Prism Pokémon,101,97,Necrozma,,800,127,89,79,psychic,,7,1
['Soul-Heart'],"13,25",95,30720,600,3,Artificial Pokémon,115,80,Magearna,,801,130,115,65,steel,fairy,7,1
